team_clean,season_start,games_played,wins,losses,win_pct,avg_points_scored,avg_points_allowed,avg_point_differential,avg_off_rating,avg_def_rating,avg_net_rating,avg_true_shooting_pct,avg_effective_fg_pct,avg_efg_pct,avg_fta_rate,avg_oreb_pct,avg_turnover_pct,avg_opp_efg_pct,home_games,home_wins,avg_home_points_scored,avg_home_points_allowed,away_games,away_wins,avg_away_points_scored,avg_away_points_allowed
Atlanta Hawks,2010,101,52,49,0.515,93.41,95.3,-1.89,97.35,104.63,-7.25,0.5026,0.461,0.4635,0.3225,0.2836,0.1524,0.4772,50,29,93.86,95.34,51,23,92.96,95.25
Boston Celtics,2010,99,68,31,0.687,96.59,91.4,5.18,104.54,100.42,4.11,0.5704,0.5226,0.5263,0.3589,0.2907,0.1931,0.4599,49,40,98.73,90.41,50,28,94.48,92.38
Brooklyn Nets,2010,89,26,63,0.292,94.11,100.28,-6.17,97.34,103.34,-6.0,0.5294,0.4766,0.4622,0.3965,0.2738,0.195,0.4957,44,20,95.27,98.59,45,6,92.98,101.93
Charlotte Hornets,2010,90,38,52,0.422,92.99,96.53,-3.54,97.06,95.29,1.79,0.5386,0.4771,0.4717,0.4741,0.2716,0.198,0.4386,45,24,96.16,95.87,45,14,89.82,97.2
Chicago Bulls,2010,106,75,31,0.708,97.48,91.09,6.39,103.38,100.07,3.31,0.5171,0.4695,0.4696,0.3277,0.3511,0.163,0.4764,54,45,99.57,89.65,52,30,95.31,92.6
Cleveland Cavaliers,2010,89,25,64,0.281,95.29,102.91,-7.62,97.59,88.23,9.36,0.53,0.467,0.442,0.3738,0.2877,0.1955,0.4123,46,16,95.52,99.52,43,9,95.05,106.53
Dallas Mavericks,2010,111,77,34,0.694,99.25,95.27,3.98,106.47,103.12,3.34,0.5519,0.501,0.4771,0.3483,0.3017,0.1647,0.4734,56,40,100.48,94.34,55,37,98.0,96.22
Denver Nuggets,2010,95,56,39,0.589,107.11,102.79,4.32,107.81,106.17,1.65,0.566,0.5022,0.5022,0.4828,0.2824,0.1648,0.4766,46,37,111.48,101.43,49,19,103.0,104.06
Detroit Pistons,2010,90,33,57,0.367,96.98,100.46,-3.48,101.5,104.15,-2.64,0.5486,0.4929,0.497,0.3817,0.2486,0.1833,0.5149,46,24,100.87,101.02,44,9,92.91,99.86
Golden State Warriors,2010,90,39,51,0.433,103.21,105.22,-2.01,100.13,99.2,0.91,0.5311,0.4782,0.4392,0.323,0.3292,0.1888,0.4673,44,29,106.02,101.86,46,10,100.52,108.43
Houston Rockets,2010,90,47,43,0.522,105.19,102.83,2.36,103.91,99.29,4.61,0.5395,0.493,0.493,0.3115,0.2849,0.1658,0.4745,46,28,104.83,99.93,44,19,105.57,105.86
Indiana Pacers,2010,94,41,53,0.436,98.91,100.8,-1.88,95.74,103.49,-7.75,0.4975,0.4483,0.4483,0.3461,0.2982,0.1843,0.4672,46,27,101.89,98.61,48,14,96.06,102.9
Los Angeles Clippers,2010,90,33,57,0.367,98.5,102.03,-3.53,98.2,106.05,-7.82,0.5351,0.4944,0.4944,0.3446,0.3149,0.2147,0.5009,45,23,99.93,99.31,45,10,97.07,104.76
Los Angeles Lakers,2010,99,65,34,0.657,100.38,95.43,4.95,104.47,104.77,-0.29,0.5265,0.4786,0.4751,0.333,0.3243,0.1586,0.5159,52,36,102.12,94.85,47,29,98.47,96.09
Memphis Grizzlies,2010,102,60,42,0.588,99.84,97.52,2.32,103.72,101.27,2.42,0.5311,0.4842,0.4736,0.3617,0.332,0.1617,0.4745,50,38,102.1,95.02,52,21,97.67,99.92
Miami Heat,2010,109,74,35,0.679,99.62,93.71,5.92,103.92,102.61,1.31,0.5376,0.4807,0.4815,0.3687,0.3005,0.1651,0.4786,55,41,101.73,93.18,54,33,97.48,94.24
Milwaukee Bucks,2010,90,38,52,0.422,92.21,93.04,-0.83,97.5,98.34,-0.82,0.5324,0.4595,0.4666,0.3903,0.2734,0.1967,0.4724,44,24,92.75,90.48,46,14,91.7,95.5
Minnesota Timberwolves,2010,90,23,67,0.256,101.88,107.48,-5.6,103.13,97.71,5.4,0.5433,0.4854,0.4854,0.4373,0.302,0.1815,0.4671,47,17,103.28,105.06,43,6,100.35,110.12
New Orleans Pelicans,2010,96,49,47,0.51,94.04,94.64,-0.59,97.71,107.89,-10.18,0.5079,0.4566,0.4555,0.3333,0.2845,0.1726,0.5094,47,30,94.51,92.04,49,19,93.59,97.12
New York Knicks,2010,93,44,49,0.473,105.22,105.39,-0.17,97.17,104.4,-7.22,0.5132,0.4605,0.468,0.373,0.2779,0.1834,0.5049,46,25,107.11,105.93,47,19,103.36,104.85
Oklahoma City Thunder,2010,105,67,38,0.638,104.32,101.19,3.13,107.85,106.6,1.25,0.5485,0.4821,0.4851,0.4091,0.3244,0.159,0.4803,52,37,105.92,100.13,53,30,102.75,102.23
Orlando Magic,2010,95,61,34,0.642,98.8,92.13,6.67,106.5,91.46,15.05,0.5568,0.515,0.5136,0.3723,0.3132,0.1618,0.4193,48,35,99.5,88.65,47,26,98.09,95.68
Philadelphia 76ers,2010,94,44,50,0.468,98.23,97.5,0.73,98.77,103.96,-5.19,0.4956,0.4384,0.4268,0.3272,0.2835,0.1514,0.504,46,29,100.39,95.22,48,15,96.17,99.69
Phoenix Suns,2010,90,42,48,0.467,104.19,106.41,-2.22,94.15,110.14,-15.99,0.5098,0.4612,0.4507,0.375,0.3167,0.192,0.503,46,25,104.3,105.33,44,17,104.07,107.55
Portland Trail Blazers,2010,95,53,42,0.558,96.01,94.98,1.03,105.23,107.65,-2.44,0.5479,0.4968,0.4897,0.3319,0.3042,0.1672,0.4971,48,35,98.71,93.08,47,18,93.26,96.91
Sacramento Kings,2010,89,27,62,0.303,99.01,104.16,-5.15,96.71,99.41,-2.73,0.5016,0.4469,0.4469,0.4199,0.3076,0.1827,0.4844,44,13,99.09,102.27,45,14,98.93,106.0
San Antonio Spurs,2010,94,66,28,0.702,102.53,97.88,4.65,100.38,103.55,-3.15,0.5102,0.4596,0.4572,0.3079,0.3007,0.1613,0.4859,47,40,105.28,96.09,47,26,99.79,99.68
Toronto Raptors,2010,90,26,64,0.289,99.92,105.14,-5.22,106.94,101.16,5.8,0.5336,0.4921,0.4966,0.3709,0.3454,0.1743,0.5074,46,19,101.59,103.5,44,7,98.18,106.86
Utah Jazz,2010,90,47,43,0.522,99.34,100.29,-0.94,105.98,97.08,8.88,0.561,0.5041,0.491,0.4384,0.302,0.1922,0.4678,44,24,100.7,99.36,46,23,98.04,101.17
Washington Wizards,2010,89,26,63,0.292,97.12,103.89,-6.76,97.7,96.5,1.17,0.5144,0.4857,0.4857,0.2807,0.2787,0.1816,0.4747,43,21,98.26,100.05,46,5,96.07,107.48
Atlanta Hawks,2011,74,43,31,0.581,95.09,92.2,2.89,91.95,93.47,-1.52,0.4755,0.4328,0.4324,0.2378,0.3056,0.1774,0.4424,37,26,97.62,92.73,37,17,92.57,91.68
Boston Celtics,2011,88,52,36,0.591,91.01,88.8,2.22,98.47,97.12,1.35,0.5129,0.4634,0.463,0.2956,0.2608,0.1481,0.461,44,33,91.55,84.41,44,19,90.48,93.18
Brooklyn Nets,2011,68,22,46,0.324,92.78,98.81,-6.03,83.3,91.4,-8.05,0.477,0.454,0.454,0.3515,0.2885,0.2375,0.414,34,9,93.88,100.5,34,13,91.68,97.12
Charlotte Hornets,2011,68,8,60,0.118,86.66,100.38,-13.72,85.3,93.2,-7.9,0.457,0.4045,0.4045,0.349,0.283,0.1975,0.4095,34,5,86.88,98.82,34,3,86.44,101.94
Chicago Bulls,2011,74,54,20,0.73,95.31,87.92,7.39,96.56,96.54,0.01,0.4984,0.4662,0.4577,0.2567,0.323,0.1737,0.4186,37,29,95.43,87.89,37,25,95.19,87.95
Cleveland Cavaliers,2011,68,22,46,0.324,92.94,99.88,-6.94,90.95,89.55,1.4,0.4835,0.4205,0.4205,0.596,0.3015,0.197,0.4225,34,11,92.59,99.32,34,11,93.29,100.44
Dallas Mavericks,2011,72,36,36,0.5,95.42,95.15,0.26,98.2,106.15,-7.97,0.5102,0.4507,0.4548,0.3074,0.2638,0.164,0.5086,36,23,96.69,93.53,36,13,94.14,96.78
Denver Nuggets,2011,75,43,32,0.573,103.81,100.68,3.13,107.71,103.46,4.27,0.5084,0.4717,0.4637,0.2746,0.3463,0.1144,0.4546,37,23,103.49,98.84,38,20,104.13,102.47
Detroit Pistons,2011,68,26,42,0.382,90.79,95.49,-4.69,89.55,90.95,-1.4,0.5015,0.4225,0.4225,0.463,0.2955,0.228,0.4205,34,18,92.76,93.41,34,8,88.82,97.56
Golden State Warriors,2011,68,24,44,0.353,97.81,101.01,-3.21,100.35,96.05,4.3,0.506,0.4615,0.4615,0.3145,0.332,0.187,0.533,34,13,99.15,100.94,34,11,96.47,101.09
Houston Rockets,2011,68,35,33,0.515,98.09,97.69,0.4,101.55,95.55,6.0,0.534,0.484,0.484,0.3515,0.3125,0.191,0.469,34,23,100.03,94.97,34,12,96.15,100.41
Indiana Pacers,2011,79,48,31,0.608,96.48,93.72,2.76,101.14,100.7,0.45,0.4972,0.4489,0.4397,0.314,0.3426,0.1696,0.4727,40,26,98.3,92.58,39,22,94.62,94.9
Los Angeles Clippers,2011,79,46,33,0.582,96.96,95.19,1.77,103.6,105.87,-2.27,0.5411,0.5085,0.5085,0.3229,0.2638,0.152,0.5015,39,27,98.46,94.18,40,19,95.5,96.17
Los Angeles Lakers,2011,80,46,34,0.575,96.85,96.6,0.25,104.36,109.76,-5.41,0.5171,0.4691,0.4688,0.3126,0.354,0.1532,0.478,40,30,98.87,93.75,40,16,94.82,99.45
Memphis Grizzlies,2011,75,44,31,0.587,94.39,92.84,1.55,100.17,101.88,-1.72,0.5069,0.4519,0.4504,0.4233,0.362,0.1881,0.4847,38,28,97.76,92.13,37,16,90.92,93.57
Miami Heat,2011,91,63,28,0.692,98.43,91.98,6.45,109.0,100.65,8.33,0.5575,0.5086,0.5088,0.3831,0.2877,0.142,0.4734,47,40,100.87,89.38,44,23,95.82,94.75
Milwaukee Bucks,2011,68,31,37,0.456,98.75,98.81,-0.06,93.9,106.05,-12.1,0.47,0.451,0.451,0.3015,0.2735,0.1295,0.514,34,17,99.97,99.53,34,14,97.53,98.09
Minnesota Timberwolves,2011,68,28,40,0.412,98.03,99.84,-1.81,106.05,93.9,12.1,0.5755,0.514,0.514,0.4035,0.279,0.188,0.451,34,14,96.47,98.06,34,14,99.59,101.62
New Orleans Pelicans,2011,68,23,45,0.338,89.82,93.15,-3.32,104.9,93.4,11.5,0.5205,0.465,0.465,0.382,0.3365,0.1425,0.465,34,12,89.44,91.68,34,11,90.21,94.62
New York Knicks,2011,73,39,34,0.534,96.6,94.47,2.14,94.0,103.09,-9.09,0.4849,0.4384,0.4535,0.2893,0.3212,0.1908,0.4932,36,24,98.33,91.94,37,15,94.92,96.92
Oklahoma City Thunder,2011,88,62,26,0.705,102.5,96.8,5.7,109.43,104.45,4.99,0.5629,0.5134,0.506,0.3025,0.2664,0.1268,0.488,44,36,104.7,95.25,44,26,100.3,98.34
Orlando Magic,2011,73,39,34,0.534,93.47,93.89,-0.42,94.97,108.79,-13.8,0.4956,0.4629,0.4629,0.2853,0.2831,0.1694,0.4967,36,22,96.25,93.31,37,17,90.76,94.46
Philadelphia 76ers,2011,81,44,37,0.543,92.57,88.91,3.65,97.35,95.91,1.45,0.4956,0.4468,0.4462,0.3286,0.2812,0.1435,0.457,40,25,91.95,85.6,41,19,93.17,92.15
Phoenix Suns,2011,68,33,35,0.485,98.34,99.19,-0.85,94.4,114.9,-20.5,0.489,0.4445,0.4445,0.371,0.2835,0.1755,0.512,34,19,100.12,98.15,34,14,96.56,100.24
Portland Trail Blazers,2011,68,29,39,0.426,97.26,97.62,-0.35,103.65,94.3,9.35,0.5595,0.498,0.498,0.3325,0.2655,0.1615,0.4345,34,21,101.82,95.79,34,8,92.71,99.44
Sacramento Kings,2011,68,23,45,0.338,98.66,104.28,-5.62,96.05,100.35,-4.3,0.571,0.533,0.521,0.479,0.234,0.265,0.406,34,17,101.26,103.44,34,6,96.06,105.12
San Antonio Spurs,2011,82,61,21,0.744,103.09,96.45,6.63,107.61,102.72,4.89,0.5669,0.5314,0.5301,0.3066,0.2433,0.1576,0.4856,41,35,105.9,94.17,41,26,100.27,98.73
Toronto Raptors,2011,68,23,45,0.338,90.21,93.54,-3.34,82.85,87.7,-4.8,0.441,0.3815,0.3815,0.332,0.3575,0.2295,0.4105,34,13,92.09,92.71,34,10,88.32,94.38
Utah Jazz,2011,72,37,35,0.514,98.67,99.22,-0.56,92.95,107.8,-14.83,0.4642,0.4095,0.4095,0.3513,0.3647,0.1705,0.5198,36,26,100.72,95.61,36,11,96.61,102.83
Washington Wizards,2011,68,20,48,0.294,93.41,98.54,-5.13,87.6,104.2,-16.6,0.423,0.354,0.354,0.316,0.3375,0.17,0.5115,34,11,94.74,97.79,34,9,92.09,99.29
Atlanta Hawks,2012,95,49,46,0.516,97.41,97.09,0.32,98.68,99.09,-0.41,0.5068,0.4624,0.4532,0.335,0.2569,0.1463,0.4599,47,30,98.7,96.02,48,19,96.15,98.15
Boston Celtics,2012,93,45,48,0.484,95.49,96.08,-0.58,95.54,99.47,-3.92,0.5392,0.4844,0.4882,0.3258,0.2164,0.1945,0.4545,47,29,97.28,93.77,46,16,93.67,98.43
Brooklyn Nets,2012,95,55,40,0.579,97.04,95.65,1.39,105.25,105.6,-0.35,0.5188,0.4784,0.4677,0.316,0.3156,0.1503,0.4994,49,29,97.27,95.27,46,26,96.8,96.07
Charlotte Hornets,2012,90,22,68,0.244,93.02,102.17,-9.14,93.46,102.46,-9.01,0.4761,0.4311,0.4311,0.3266,0.3035,0.1679,0.4951,45,16,96.09,100.09,45,6,89.96,104.24
Chicago Bulls,2012,101,55,46,0.545,92.84,93.15,-0.31,99.44,103.16,-3.72,0.5018,0.453,0.4496,0.3362,0.3304,0.1688,0.4769,52,31,93.06,91.35,49,24,92.61,95.06
Cleveland Cavaliers,2012,88,26,62,0.295,96.24,101.14,-4.9,95.65,103.75,-8.08,0.5042,0.4553,0.4553,0.3528,0.3113,0.1958,0.4883,45,15,96.76,100.31,43,11,95.7,102.0
Dallas Mavericks,2012,88,44,44,0.5,100.75,101.14,-0.39,95.75,93.02,2.72,0.5092,0.4587,0.469,0.2996,0.281,0.1848,0.445,45,27,102.82,99.69,43,17,98.58,102.65
Denver Nuggets,2012,95,62,33,0.653,105.01,101.28,3.73,100.69,105.72,-5.01,0.5142,0.4724,0.4724,0.3509,0.3347,0.1809,0.5342,46,41,107.93,98.61,49,21,102.27,103.8
Detroit Pistons,2012,90,33,57,0.367,94.44,98.31,-3.87,93.84,96.59,-2.75,0.4964,0.4517,0.4517,0.3391,0.306,0.1951,0.4853,45,22,96.22,95.67,45,11,92.67,100.96
Golden State Warriors,2012,101,58,43,0.574,100.95,99.85,1.1,102.86,101.03,1.83,0.5487,0.5211,0.5251,0.2724,0.2888,0.1779,0.474,49,34,101.04,97.04,52,24,100.87,102.5
Houston Rockets,2012,95,52,43,0.547,105.42,102.54,2.88,105.11,105.39,-0.28,0.5427,0.5098,0.5045,0.3243,0.2846,0.1551,0.4915,48,33,107.48,101.04,47,19,103.32,104.06
Indiana Pacers,2012,107,64,43,0.598,93.97,90.96,3.01,101.35,101.55,-0.22,0.5203,0.4681,0.463,0.3544,0.3342,0.1847,0.4679,53,41,97.66,89.83,54,23,90.35,92.07
Los Angeles Clippers,2012,96,63,33,0.656,100.19,94.78,5.41,103.49,103.96,-0.47,0.5354,0.4991,0.4874,0.3197,0.3049,0.1723,0.4791,49,37,102.69,93.18,47,26,97.57,96.45
Los Angeles Lakers,2012,94,45,49,0.479,100.1,101.18,-1.09,92.16,109.75,-17.58,0.5095,0.4665,0.4675,0.3369,0.2513,0.1906,0.5214,50,29,99.46,98.54,44,16,100.82,104.18
Memphis Grizzlies,2012,104,67,37,0.644,94.01,90.67,3.34,104.19,103.52,0.66,0.5094,0.457,0.453,0.3448,0.3234,0.1353,0.4916,51,39,94.88,88.86,53,28,93.17,92.42
Miami Heat,2012,113,86,27,0.761,101.08,93.95,7.13,105.96,100.39,5.58,0.5568,0.516,0.5091,0.2969,0.2695,0.153,0.4859,59,49,103.73,94.07,54,37,98.19,93.81
Milwaukee Bucks,2012,94,41,53,0.436,97.95,99.95,-2.0,97.73,103.77,-6.05,0.499,0.4648,0.467,0.2582,0.2937,0.1665,0.5014,47,22,99.83,100.64,47,19,96.06,99.26
Minnesota Timberwolves,2012,88,35,53,0.398,95.27,96.93,-1.66,96.22,87.22,9.03,0.5195,0.4702,0.4542,0.4095,0.3177,0.1975,0.4007,44,23,95.43,93.77,44,12,95.11,100.09
New Orleans Pelicans,2012,90,31,59,0.344,93.21,97.17,-3.96,89.95,95.28,-5.29,0.4828,0.4435,0.4303,0.3047,0.3137,0.2059,0.4659,44,18,92.86,94.57,46,13,93.54,99.65
New York Knicks,2012,100,63,37,0.63,98.38,94.85,3.53,101.13,100.41,0.72,0.5093,0.4676,0.4674,0.2731,0.2793,0.1416,0.4907,47,35,101.13,92.6,53,28,95.94,96.85
Oklahoma City Thunder,2012,100,69,31,0.69,104.5,96.52,7.98,105.29,103.17,2.12,0.5398,0.4934,0.4856,0.2664,0.2813,0.1503,0.4604,51,41,107.18,95.39,49,28,101.71,97.69
Orlando Magic,2012,90,22,68,0.244,94.42,101.37,-6.94,98.96,106.23,-7.26,0.5294,0.4975,0.488,0.2373,0.2794,0.176,0.5006,45,14,95.62,102.07,45,8,93.22,100.67
Philadelphia 76ers,2012,89,40,49,0.449,93.92,96.13,-2.21,106.4,95.46,10.93,0.5557,0.5189,0.5107,0.2592,0.2778,0.1598,0.4508,45,26,95.64,95.62,44,14,92.16,96.66
Phoenix Suns,2012,89,29,60,0.326,95.34,101.1,-5.76,98.61,97.0,1.61,0.5226,0.495,0.4982,0.217,0.2812,0.176,0.4892,44,20,94.84,96.86,45,9,95.82,105.24
Portland Trail Blazers,2012,89,36,53,0.404,97.6,100.48,-2.89,101.79,100.74,1.03,0.5489,0.4991,0.4991,0.2991,0.306,0.2027,0.511,44,24,99.55,98.8,45,12,95.69,102.13
Sacramento Kings,2012,89,33,56,0.371,100.11,104.36,-4.25,102.74,99.31,3.44,0.521,0.4636,0.4636,0.3164,0.31,0.1607,0.49,44,22,104.45,104.39,45,11,95.87,104.33
San Antonio Spurs,2012,109,76,33,0.697,102.42,96.14,6.28,106.88,100.09,6.77,0.5507,0.5132,0.5066,0.2852,0.2714,0.1492,0.4795,54,45,104.09,94.43,55,31,100.78,97.82
Toronto Raptors,2012,88,39,49,0.443,97.58,98.39,-0.81,106.43,97.78,8.65,0.554,0.5088,0.5246,0.3416,0.3092,0.1608,0.4786,45,25,97.0,94.49,43,14,98.19,102.47
Utah Jazz,2012,90,48,42,0.533,98.13,97.48,0.66,102.06,93.88,8.21,0.5301,0.4851,0.4919,0.3717,0.341,0.1783,0.4881,44,33,100.09,94.66,46,15,96.26,100.17
Washington Wizards,2012,90,32,58,0.356,93.43,96.06,-2.62,101.84,105.4,-3.55,0.5028,0.4585,0.4585,0.2833,0.3591,0.17,0.5008,42,22,97.95,95.48,48,10,89.48,96.56
Atlanta Hawks,2013,96,42,54,0.438,99.36,100.6,-1.24,95.33,100.66,-5.36,0.5128,0.4621,0.4505,0.2984,0.2419,0.1786,0.5045,47,25,99.66,98.64,49,17,99.08,102.49
Boston Celtics,2013,90,27,63,0.3,96.07,100.2,-4.13,99.36,99.94,-0.57,0.5145,0.4675,0.4675,0.2923,0.3124,0.1774,0.4779,45,18,96.91,98.62,45,9,95.22,101.78
Brooklyn Nets,2013,101,54,47,0.535,98.26,98.56,-0.31,105.85,103.02,2.83,0.5542,0.5127,0.5104,0.373,0.2924,0.1667,0.4952,49,33,99.12,95.76,52,21,97.44,101.21
Charlotte Hornets,2013,94,48,46,0.511,96.04,96.15,-0.11,98.09,97.58,0.51,0.5108,0.4644,0.4637,0.3897,0.2721,0.1665,0.4685,47,27,96.21,94.15,47,21,95.87,98.15
Chicago Bulls,2013,95,57,38,0.6,93.72,91.49,2.22,101.32,96.79,4.55,0.5248,0.4705,0.4721,0.3967,0.313,0.1773,0.4433,49,32,94.65,89.61,46,25,92.72,93.5
Cleveland Cavaliers,2013,90,37,53,0.411,97.67,101.03,-3.37,93.98,98.86,-4.9,0.4929,0.435,0.435,0.3473,0.3664,0.216,0.474,47,22,97.6,97.96,43,15,97.74,104.4
Dallas Mavericks,2013,97,56,41,0.577,103.47,101.67,1.8,100.88,102.63,-1.76,0.5163,0.4838,0.4809,0.2122,0.2873,0.1334,0.5108,48,29,105.77,103.0,49,27,101.22,100.37
Denver Nuggets,2013,89,38,51,0.427,103.39,105.91,-2.52,89.37,96.3,-6.89,0.469,0.4307,0.4307,0.3187,0.2829,0.1871,0.4619,43,23,105.16,104.67,46,15,101.74,107.07
Detroit Pistons,2013,89,32,57,0.36,100.46,104.03,-3.57,96.99,99.61,-2.63,0.5347,0.4866,0.4866,0.4,0.3026,0.212,0.4904,44,19,101.16,103.5,45,13,99.78,104.56
Golden State Warriors,2013,96,57,39,0.594,103.54,99.81,3.73,100.25,102.8,-2.54,0.5231,0.4879,0.4853,0.2752,0.2848,0.1647,0.4849,47,31,104.09,96.66,49,26,103.02,102.84
Houston Rockets,2013,95,62,33,0.653,107.87,103.15,4.73,110.98,105.13,5.86,0.5556,0.5138,0.5138,0.3375,0.3552,0.164,0.4772,48,37,109.21,101.12,47,25,106.51,105.21
Indiana Pacers,2013,109,69,40,0.633,95.72,92.44,3.28,101.61,102.34,-0.72,0.5338,0.4903,0.4862,0.3484,0.2637,0.1581,0.4891,54,40,96.74,89.48,55,29,94.71,95.35
Los Angeles Clippers,2013,103,68,35,0.66,107.32,101.26,6.06,108.4,105.55,2.84,0.5497,0.5063,0.5005,0.3562,0.282,0.1443,0.5058,52,40,110.38,101.27,51,28,104.2,101.25
Los Angeles Lakers,2013,90,31,59,0.344,102.37,108.41,-6.04,94.67,97.72,-3.1,0.5186,0.4634,0.4466,0.3391,0.2311,0.187,0.4766,48,18,103.0,106.56,42,13,101.64,110.52
Memphis Grizzlies,2013,96,56,40,0.583,95.54,95.24,0.3,95.7,102.96,-7.26,0.4838,0.4372,0.4311,0.3448,0.2839,0.1578,0.4852,47,29,97.49,96.04,49,27,93.67,94.47
Miami Heat,2013,110,72,38,0.655,100.68,96.85,3.83,108.36,106.75,1.62,0.5798,0.5431,0.5378,0.3281,0.2309,0.1549,0.5319,55,43,102.95,96.22,55,29,98.42,97.49
Milwaukee Bucks,2013,88,16,72,0.182,95.1,103.2,-8.1,94.72,101.58,-6.88,0.5223,0.476,0.476,0.4175,0.2623,0.2147,0.4457,43,11,94.21,100.93,45,5,95.96,105.38
Minnesota Timberwolves,2013,88,44,44,0.5,106.72,103.65,3.07,105.55,97.4,8.17,0.5323,0.476,0.4724,0.4392,0.3394,0.1498,0.466,44,26,107.45,101.27,44,18,105.98,106.02
New Orleans Pelicans,2013,90,41,49,0.456,99.83,101.72,-1.89,103.03,96.96,6.09,0.5694,0.5199,0.5065,0.348,0.2782,0.1995,0.5055,44,24,100.93,99.3,46,17,98.78,104.04
New York Knicks,2013,89,39,50,0.438,98.37,99.6,-1.22,99.11,105.91,-6.76,0.4994,0.4636,0.4636,0.2529,0.279,0.1481,0.5123,42,19,99.55,98.79,47,20,97.32,100.32
Oklahoma City Thunder,2013,107,72,35,0.673,104.91,100.1,4.8,104.43,105.07,-0.65,0.5464,0.4921,0.4851,0.3453,0.2928,0.1628,0.474,55,42,106.8,98.96,52,30,102.9,101.31
Orlando Magic,2013,90,25,65,0.278,96.46,101.98,-5.52,98.46,104.64,-6.16,0.5194,0.4854,0.4851,0.2666,0.3729,0.21,0.4936,46,20,99.24,100.85,44,5,93.55,103.16
Philadelphia 76ers,2013,88,20,68,0.227,99.17,109.84,-10.67,90.98,104.12,-13.15,0.4837,0.4383,0.4208,0.3486,0.2826,0.1876,0.5228,45,11,100.18,110.27,43,9,98.12,109.4
Phoenix Suns,2013,88,52,36,0.591,104.67,101.98,2.69,98.82,95.13,3.7,0.5122,0.4948,0.4948,0.2407,0.3383,0.2035,0.4742,43,27,107.4,102.09,45,25,102.07,101.87
Portland Trail Blazers,2013,100,64,36,0.64,105.67,102.76,2.91,102.85,104.99,-2.15,0.5255,0.4759,0.4772,0.3008,0.3181,0.169,0.4821,50,36,106.84,101.76,50,28,104.5,103.76
Sacramento Kings,2013,89,33,56,0.371,100.43,102.65,-2.22,102.19,96.2,6.0,0.5377,0.4947,0.4947,0.3397,0.2727,0.173,0.4786,44,20,101.93,101.73,45,13,98.96,103.56
San Antonio Spurs,2013,111,80,31,0.721,105.36,97.99,7.37,110.59,103.57,7.02,0.579,0.5415,0.5364,0.2872,0.2512,0.149,0.5045,57,44,106.65,97.02,54,36,104.0,99.02
Toronto Raptors,2013,96,57,39,0.594,101.02,97.81,3.21,105.26,102.87,2.38,0.5624,0.4969,0.4969,0.4135,0.3294,0.1899,0.4744,50,32,103.3,98.72,46,25,98.54,96.83
Utah Jazz,2013,90,26,64,0.289,94.72,101.87,-7.14,92.86,100.6,-7.72,0.4816,0.4441,0.4441,0.2995,0.2976,0.1812,0.4889,44,17,96.23,100.02,46,9,93.28,103.63
Washington Wizards,2013,100,52,48,0.52,99.1,97.82,1.28,98.62,97.04,1.55,0.5039,0.4647,0.464,0.2899,0.3082,0.1574,0.4743,50,24,98.4,97.32,50,28,99.8,98.32
Atlanta Hawks,2014,105,72,33,0.686,101.76,97.41,4.35,102.32,101.78,0.54,0.5303,0.4907,0.4926,0.2605,0.2484,0.1411,0.4876,52,42,102.19,95.12,53,30,101.34,99.66
Boston Celtics,2014,94,45,49,0.479,100.84,100.53,0.31,99.66,98.25,1.39,0.5237,0.4781,0.4781,0.316,0.2629,0.1703,0.4855,48,24,100.4,98.67,46,21,101.3,102.48
Brooklyn Nets,2014,93,43,50,0.462,98.03,100.86,-2.83,99.54,102.25,-2.7,0.5282,0.4871,0.4931,0.3174,0.2632,0.1649,0.4877,47,23,99.49,101.36,46,20,96.54,100.35
Charlotte Hornets,2014,90,36,54,0.4,94.22,97.4,-3.18,96.71,100.29,-3.58,0.497,0.4465,0.4465,0.2814,0.2516,0.1366,0.4743,45,21,94.6,96.38,45,15,93.84,98.42
Chicago Bulls,2014,102,60,42,0.588,100.04,97.07,2.97,103.09,100.76,2.34,0.5218,0.4733,0.4726,0.3269,0.3154,0.1678,0.4574,52,33,100.1,96.38,50,27,99.98,97.78
Cleveland Cavaliers,2014,108,71,37,0.657,102.44,98.19,4.26,107.84,103.78,4.06,0.5351,0.4903,0.4874,0.3211,0.328,0.1437,0.4729,55,41,103.22,96.64,53,30,101.64,99.79
Dallas Mavericks,2014,95,55,40,0.579,105.39,102.85,2.54,106.74,106.42,0.3,0.5447,0.504,0.4985,0.3177,0.3133,0.1572,0.5001,47,30,107.45,103.55,48,25,103.38,102.17
Denver Nuggets,2014,90,32,58,0.356,101.11,104.73,-3.62,98.74,103.34,-4.61,0.521,0.478,0.4749,0.3884,0.3071,0.1663,0.4703,43,20,103.72,103.53,47,12,98.72,105.83
Detroit Pistons,2014,89,37,52,0.416,98.6,99.16,-0.56,100.11,96.29,3.84,0.5286,0.4904,0.4904,0.3684,0.2754,0.1667,0.4684,44,21,101.45,100.64,45,16,95.8,97.71
Golden State Warriors,2014,111,89,22,0.802,108.76,99.03,9.73,108.04,98.75,9.29,0.5678,0.5378,0.5315,0.3152,0.2708,0.1572,0.4608,55,51,110.98,98.09,56,38,106.57,99.95
Houston Rockets,2014,107,71,36,0.664,104.1,101.68,2.42,103.88,104.82,-0.92,0.5332,0.4935,0.4852,0.4117,0.3117,0.1678,0.5068,54,41,104.31,98.76,53,30,103.89,104.66
Indiana Pacers,2014,89,41,48,0.461,97.11,96.93,0.18,98.63,100.43,-1.81,0.534,0.4839,0.4839,0.3577,0.2257,0.1717,0.4727,44,25,98.41,95.55,45,16,95.84,98.29
Los Angeles Clippers,2014,104,65,39,0.625,106.3,101.58,4.72,104.65,107.14,-2.51,0.5406,0.5051,0.4891,0.3828,0.2439,0.1293,0.5259,53,36,106.08,99.45,51,29,106.53,103.78
Los Angeles Lakers,2014,90,24,66,0.267,98.1,105.2,-7.1,96.85,107.17,-10.31,0.504,0.4597,0.4597,0.3035,0.2814,0.1622,0.5306,49,15,97.9,103.86,41,9,98.34,106.8
Memphis Grizzlies,2014,100,63,37,0.63,97.77,95.6,2.17,100.85,103.82,-2.98,0.5098,0.4605,0.459,0.3098,0.2825,0.1411,0.5085,50,37,98.78,93.26,50,26,96.76,97.94
Miami Heat,2014,90,41,49,0.456,95.48,97.92,-2.44,105.29,106.1,-0.8,0.5709,0.523,0.512,0.4019,0.277,0.1646,0.5291,47,22,97.53,98.77,43,19,93.23,97.0
Milwaukee Bucks,2014,95,46,49,0.484,97.06,97.71,-0.64,95.35,102.6,-7.25,0.4945,0.4532,0.4613,0.3056,0.2969,0.1711,0.4706,47,25,96.53,96.83,48,21,97.58,98.56
Minnesota Timberwolves,2014,89,21,68,0.236,98.45,106.08,-7.63,107.06,100.04,7.03,0.5399,0.4899,0.4765,0.3278,0.3193,0.1435,0.494,44,11,97.73,103.98,45,10,99.16,108.13
New Orleans Pelicans,2014,93,50,43,0.538,99.32,98.31,1.01,103.2,100.72,2.51,0.5443,0.4965,0.473,0.2757,0.2839,0.1387,0.4807,47,31,102.11,97.79,46,19,96.48,98.85
New York Knicks,2014,89,20,69,0.225,91.76,100.52,-8.75,96.71,99.26,-2.51,0.514,0.4684,0.4732,0.223,0.3148,0.1686,0.5176,44,11,91.73,99.61,45,9,91.8,101.4
Oklahoma City Thunder,2014,89,47,42,0.528,103.61,102.48,1.12,99.77,111.6,-11.83,0.52,0.4696,0.4696,0.3847,0.3,0.1787,0.5339,45,30,106.09,100.62,44,17,101.07,104.39
Orlando Magic,2014,89,28,61,0.315,95.64,101.1,-5.46,95.5,97.64,-2.14,0.5066,0.4763,0.4733,0.2423,0.292,0.1922,0.4665,44,14,96.82,102.0,45,14,94.49,100.22
Philadelphia 76ers,2014,90,20,70,0.222,92.11,100.79,-8.68,92.65,97.66,-5.03,0.5105,0.4669,0.4669,0.3718,0.2675,0.208,0.476,45,14,94.98,99.62,45,6,89.24,101.96
Phoenix Suns,2014,88,43,45,0.489,102.63,102.97,-0.34,103.25,95.72,7.53,0.5515,0.503,0.5108,0.3722,0.269,0.1864,0.4912,43,24,102.95,101.05,45,19,102.31,104.8
Portland Trail Blazers,2014,93,55,38,0.591,101.86,98.47,3.39,99.47,102.77,-3.3,0.5265,0.4769,0.4765,0.2842,0.2603,0.1655,0.4795,45,34,104.44,96.8,48,21,99.44,100.04
Sacramento Kings,2014,88,31,57,0.352,101.38,105.03,-3.66,103.7,106.43,-2.7,0.5628,0.5073,0.506,0.5284,0.31,0.1832,0.5208,43,19,101.49,102.28,45,12,101.27,107.67
San Antonio Spurs,2014,94,59,35,0.628,103.01,98.06,4.95,105.06,107.81,-2.75,0.5492,0.5064,0.5026,0.3336,0.2678,0.1709,0.5231,47,35,106.94,98.45,47,24,99.09,97.68
Toronto Raptors,2014,93,55,38,0.591,103.2,100.72,2.48,100.45,102.81,-2.37,0.5267,0.4857,0.469,0.3258,0.2637,0.1616,0.5029,46,30,102.2,98.39,47,25,104.19,103.0
Utah Jazz,2014,90,43,47,0.478,95.73,94.79,0.94,103.1,94.69,8.41,0.5605,0.5185,0.5106,0.4074,0.302,0.1996,0.4489,44,23,96.41,93.07,46,20,95.09,96.43
Washington Wizards,2014,99,55,44,0.556,98.15,97.35,0.8,100.64,99.49,1.13,0.5296,0.4881,0.4763,0.3288,0.2884,0.176,0.4832,49,33,101.67,96.22,50,22,94.7,98.46
Atlanta Hawks,2015,99,56,43,0.566,101.88,99.04,2.84,99.32,100.39,-1.07,0.5304,0.4844,0.4755,0.2876,0.2478,0.159,0.4749,49,31,102.61,96.96,50,25,101.16,101.08
Boston Celtics,2015,93,54,39,0.581,104.59,101.83,2.76,96.34,97.2,-0.88,0.4909,0.4553,0.454,0.2594,0.2808,0.1524,0.4502,47,33,105.23,99.51,46,21,103.93,104.2
Brooklyn Nets,2015,87,23,64,0.264,98.61,105.55,-6.94,98.14,98.54,-0.4,0.5318,0.465,0.465,0.374,0.2736,0.1878,0.49,43,15,98.91,103.81,44,8,98.32,107.25
Charlotte Hornets,2015,97,58,39,0.598,102.08,99.62,2.46,99.99,99.32,0.68,0.5157,0.4589,0.4574,0.3458,0.217,0.1233,0.4801,47,35,104.17,97.83,50,23,100.12,101.3
Chicago Bulls,2015,90,46,44,0.511,101.62,103.28,-1.66,103.53,107.4,-3.88,0.5129,0.4743,0.4779,0.2784,0.3119,0.153,0.481,46,29,102.0,100.78,44,17,101.23,105.89
Cleveland Cavaliers,2015,110,74,36,0.673,103.78,98.06,5.72,109.73,104.49,5.25,0.5623,0.5286,0.5299,0.2826,0.2863,0.1465,0.5047,56,43,106.23,97.66,54,31,101.24,98.48
Dallas Mavericks,2015,94,43,51,0.457,100.88,102.91,-2.03,94.19,107.92,-13.73,0.4927,0.4472,0.4464,0.3107,0.2367,0.1527,0.5099,46,23,103.13,102.52,48,20,98.73,103.29
Denver Nuggets,2015,89,37,52,0.416,101.74,104.33,-2.58,100.46,97.43,3.0,0.5186,0.4797,0.4797,0.3161,0.2976,0.1719,0.4666,43,20,103.91,105.14,46,17,99.72,103.57
Detroit Pistons,2015,94,47,47,0.5,101.76,101.01,0.74,107.45,106.52,0.95,0.5562,0.522,0.522,0.2815,0.2818,0.1467,0.5028,47,27,104.26,99.94,47,20,99.26,102.09
Golden State Warriors,2015,113,91,22,0.805,112.65,103.99,8.65,108.25,104.99,3.26,0.5598,0.5248,0.5142,0.2938,0.2762,0.1488,0.4934,58,52,113.97,100.67,55,39,111.25,107.49
Houston Rockets,2015,95,45,50,0.474,105.81,106.69,-0.88,98.76,106.77,-8.03,0.4954,0.4598,0.4513,0.3242,0.3392,0.1733,0.5385,47,26,106.3,104.57,48,19,105.33,108.77
Indiana Pacers,2015,96,53,43,0.552,101.56,99.67,1.9,104.22,100.97,3.24,0.5376,0.4839,0.4735,0.3834,0.2675,0.1414,0.4548,48,31,102.21,98.02,48,22,100.92,101.31
Los Angeles Clippers,2015,94,58,36,0.617,103.67,100.15,3.52,98.28,100.25,-2.0,0.514,0.4828,0.4805,0.3047,0.2382,0.1373,0.4738,48,34,104.81,98.17,46,24,102.48,102.22
Los Angeles Lakers,2015,89,19,70,0.213,97.19,106.66,-9.47,101.56,108.57,-7.03,0.5167,0.4649,0.4652,0.3798,0.2808,0.1317,0.4935,48,14,96.6,103.13,41,5,97.88,110.8
Memphis Grizzlies,2015,92,47,45,0.511,97.55,100.05,-2.5,92.0,96.72,-4.69,0.4809,0.4358,0.4297,0.2931,0.3026,0.1963,0.4744,46,29,100.74,100.17,46,18,94.37,99.93
Miami Heat,2015,104,59,45,0.567,99.32,97.6,1.72,101.83,99.88,1.96,0.5273,0.4838,0.4883,0.3071,0.2741,0.1485,0.4527,52,35,102.56,96.75,52,24,96.08,98.44
Milwaukee Bucks,2015,88,35,53,0.398,99.2,103.33,-4.12,102.28,105.48,-3.23,0.5398,0.4962,0.483,0.3712,0.2904,0.1726,0.4818,44,24,100.68,101.98,44,11,97.73,104.68
Minnesota Timberwolves,2015,89,31,58,0.348,101.84,105.92,-4.08,99.63,109.71,-10.09,0.5367,0.4746,0.4262,0.4387,0.2642,0.1842,0.565,45,16,101.49,105.53,44,15,102.2,106.32
New Orleans Pelicans,2015,89,33,56,0.371,102.78,106.56,-3.79,99.91,103.56,-3.64,0.516,0.4521,0.4504,0.363,0.2768,0.1246,0.5066,44,22,105.16,106.14,45,11,100.44,106.98
New York Knicks,2015,87,35,52,0.402,98.31,100.83,-2.52,96.04,94.86,1.16,0.5084,0.4706,0.4583,0.2337,0.193,0.1627,0.452,43,20,98.77,99.91,44,15,97.86,101.73
Oklahoma City Thunder,2015,105,70,35,0.667,109.3,102.3,7.0,110.3,104.5,5.8,0.5551,0.5135,0.5165,0.3124,0.3439,0.1587,0.4839,52,40,109.31,98.75,53,30,109.3,105.79
Orlando Magic,2015,89,40,49,0.449,101.97,103.33,-1.36,102.59,100.44,2.14,0.5177,0.4803,0.4727,0.248,0.304,0.1562,0.4608,45,26,103.91,101.56,44,14,99.98,105.14
Philadelphia 76ers,2015,89,12,77,0.135,97.27,107.4,-10.13,90.3,98.21,-7.9,0.4944,0.4483,0.4483,0.3873,0.2467,0.2031,0.4943,44,9,98.89,108.0,45,3,95.69,106.82
Phoenix Suns,2015,88,27,61,0.307,100.99,106.95,-5.97,99.3,95.9,3.43,0.5178,0.4858,0.4858,0.2423,0.3035,0.172,0.4543,44,16,103.61,105.82,44,11,98.36,108.09
Portland Trail Blazers,2015,100,52,48,0.52,105.05,104.52,0.53,103.97,104.71,-0.74,0.5259,0.4884,0.4892,0.2872,0.2962,0.1481,0.4942,49,34,108.45,102.69,51,18,101.78,106.27
Sacramento Kings,2015,88,38,50,0.432,106.25,108.3,-2.05,99.5,95.9,3.62,0.5327,0.4853,0.4985,0.369,0.292,0.1732,0.483,43,20,106.95,107.86,45,18,105.58,108.71
San Antonio Spurs,2015,98,75,23,0.765,102.79,93.07,9.71,104.7,99.23,5.47,0.5464,0.5044,0.5145,0.2685,0.252,0.1405,0.4704,49,45,104.37,90.76,49,30,101.2,95.39
Toronto Raptors,2015,109,71,38,0.651,100.49,97.5,2.98,101.85,103.7,-1.86,0.5094,0.4637,0.4562,0.3316,0.3129,0.1493,0.5076,56,44,102.93,96.7,53,27,97.91,98.36
Utah Jazz,2015,89,43,46,0.483,97.69,96.0,1.69,98.99,98.4,0.6,0.5223,0.4693,0.4693,0.435,0.2663,0.1654,0.4781,44,25,98.23,93.05,45,18,97.16,98.89
Washington Wizards,2015,88,44,44,0.5,104.39,104.61,-0.23,104.17,101.35,2.85,0.5467,0.501,0.5208,0.3203,0.245,0.174,0.4698,43,23,106.51,103.56,45,21,102.36,105.62
Atlanta Hawks,2016,95,50,45,0.526,102.93,103.31,-0.38,102.99,100.05,2.95,0.5305,0.487,0.4823,0.2755,0.2972,0.165,0.4657,47,27,105.49,104.98,48,23,100.42,101.67
Boston Celtics,2016,107,67,40,0.626,107.35,105.43,1.92,108.2,108.66,-0.46,0.561,0.5279,0.5232,0.2655,0.2651,0.1518,0.5234,54,37,109.24,106.69,53,30,105.42,104.15
Brooklyn Nets,2016,88,21,67,0.239,105.44,112.41,-6.97,96.7,106.52,-9.83,0.5378,0.4902,0.4902,0.3487,0.1923,0.1715,0.5313,44,14,104.3,109.48,44,7,106.59,115.34
Charlotte Hornets,2016,89,39,50,0.438,103.85,104.25,-0.39,91.16,98.0,-6.86,0.4769,0.4174,0.4042,0.3256,0.2676,0.1606,0.4926,44,24,105.82,102.7,45,15,101.93,105.76
Chicago Bulls,2016,95,46,49,0.484,102.57,102.44,0.13,103.14,104.86,-1.71,0.5345,0.4875,0.4647,0.2608,0.3222,0.1682,0.5086,49,27,102.71,101.06,46,19,102.41,103.91
Cleveland Cavaliers,2016,106,66,40,0.623,110.86,107.31,3.55,115.39,110.33,5.06,0.5996,0.5622,0.5622,0.3169,0.2479,0.1398,0.5191,53,39,112.62,105.28,53,27,109.09,109.34
Dallas Mavericks,2016,89,35,54,0.393,97.61,101.0,-3.39,96.23,105.44,-9.23,0.4937,0.4547,0.4443,0.2262,0.2657,0.157,0.5027,44,23,99.41,98.09,45,12,95.84,103.84
Denver Nuggets,2016,90,44,46,0.489,111.06,110.54,0.51,101.54,100.56,0.98,0.5259,0.4753,0.4753,0.3805,0.3187,0.1768,0.4893,43,23,113.91,110.3,47,21,108.45,110.77
Detroit Pistons,2016,88,40,48,0.455,100.84,101.58,-0.74,98.33,94.25,4.08,0.525,0.4885,0.4885,0.2613,0.2795,0.1748,0.4603,44,25,102.2,98.25,44,15,99.48,104.91
Golden State Warriors,2016,106,89,17,0.84,116.23,104.32,11.91,114.85,102.82,12.04,0.6033,0.5625,0.5649,0.313,0.2657,0.1459,0.4866,53,48,118.47,102.04,53,41,113.98,106.6
Houston Rockets,2016,99,65,34,0.657,114.57,109.29,5.27,109.79,107.45,2.34,0.5598,0.5142,0.5142,0.312,0.2846,0.1464,0.4969,50,36,116.26,108.28,49,29,112.84,110.33
Indiana Pacers,2016,92,45,47,0.489,105.39,105.65,-0.26,108.47,109.14,-0.68,0.547,0.5152,0.5152,0.2461,0.2786,0.1341,0.5259,45,31,107.0,101.89,47,14,103.85,109.26
Los Angeles Clippers,2016,95,57,38,0.6,106.81,103.85,2.96,101.2,106.25,-5.03,0.5439,0.5021,0.5025,0.3243,0.2391,0.1637,0.5482,48,32,107.9,100.44,47,25,105.7,107.34
Los Angeles Lakers,2016,90,28,62,0.311,104.69,111.08,-6.39,101.54,103.39,-1.85,0.536,0.5056,0.5017,0.3426,0.2493,0.1559,0.4997,49,19,107.29,108.82,41,9,101.59,113.78
Memphis Grizzlies,2016,94,49,45,0.521,100.65,100.41,0.23,106.02,108.41,-2.41,0.5432,0.4946,0.489,0.3481,0.2455,0.132,0.5257,47,28,99.7,97.43,47,21,101.6,103.4
Miami Heat,2016,90,45,45,0.5,103.29,101.82,1.47,104.73,98.95,5.74,0.5596,0.5345,0.5188,0.2527,0.2388,0.1558,0.4543,46,25,106.5,102.24,44,20,99.93,101.39
Milwaukee Bucks,2016,94,47,47,0.5,102.07,102.69,-0.62,98.9,102.48,-3.59,0.5143,0.4753,0.4728,0.2931,0.2612,0.1668,0.5046,47,26,104.3,101.81,47,21,99.85,103.57
Minnesota Timberwolves,2016,89,36,53,0.404,105.19,105.73,-0.54,98.47,93.11,5.39,0.5217,0.4643,0.4695,0.3152,0.29,0.1702,0.4688,44,23,106.48,102.43,45,13,103.93,108.96
New Orleans Pelicans,2016,88,35,53,0.398,104.42,106.73,-2.31,102.6,107.68,-5.05,0.5492,0.5015,0.5015,0.325,0.2357,0.1555,0.4925,44,22,107.48,107.3,44,13,101.36,106.16
New York Knicks,2016,88,35,53,0.398,104.65,107.94,-3.3,106.95,103.95,3.02,0.5492,0.5208,0.5208,0.2477,0.3135,0.1777,0.5433,44,21,104.84,106.14,44,14,104.45,109.75
Oklahoma City Thunder,2016,91,50,41,0.549,106.31,106.02,0.29,103.21,107.61,-4.39,0.5311,0.497,0.4831,0.2988,0.3009,0.1606,0.4813,46,31,109.09,103.57,45,19,103.47,108.53
Orlando Magic,2016,89,31,58,0.348,100.89,107.53,-6.64,98.2,105.96,-7.76,0.5269,0.4867,0.4867,0.3183,0.2714,0.1914,0.5137,45,18,100.53,103.84,44,13,101.25,111.3
Philadelphia 76ers,2016,89,30,59,0.337,101.97,108.06,-6.09,93.49,103.11,-9.63,0.5051,0.4427,0.4427,0.3539,0.26,0.2003,0.5071,44,18,101.93,105.8,45,12,102.0,110.27
Phoenix Suns,2016,88,28,60,0.318,107.41,112.6,-5.19,97.82,96.55,1.27,0.5027,0.446,0.4362,0.4312,0.32,0.1862,0.4708,44,17,109.07,111.05,44,11,105.75,114.16
Portland Trail Blazers,2016,92,44,48,0.478,107.28,108.63,-1.35,100.61,108.4,-7.81,0.5235,0.4806,0.4806,0.2771,0.2591,0.1592,0.5148,45,26,109.67,107.67,47,18,105.0,109.55
Sacramento Kings,2016,87,34,53,0.391,102.75,106.56,-3.82,101.46,103.48,-2.04,0.5784,0.5346,0.576,0.3977,0.2457,0.214,0.529,43,18,105.12,106.84,44,16,100.43,106.3
San Antonio Spurs,2016,104,73,31,0.702,105.12,99.07,6.06,109.3,106.56,2.75,0.5485,0.5069,0.5002,0.2638,0.3082,0.1487,0.5158,52,38,106.21,98.83,52,35,104.04,99.31
Toronto Raptors,2016,98,58,40,0.592,105.45,102.56,2.89,103.39,107.31,-3.92,0.5393,0.4914,0.475,0.2952,0.2576,0.1413,0.5295,48,31,109.44,103.04,50,27,101.62,102.1
Utah Jazz,2016,98,58,40,0.592,100.33,97.28,3.05,103.94,105.7,-1.77,0.5541,0.5116,0.5042,0.3477,0.2317,0.1482,0.5043,49,31,100.69,95.8,49,27,99.96,98.76
Washington Wizards,2016,102,60,42,0.588,108.82,106.87,1.95,107.91,105.67,2.24,0.5442,0.5046,0.5118,0.2769,0.2936,0.1366,0.5126,50,38,109.92,103.62,52,22,107.77,110.0
Atlanta Hawks,2017,87,26,61,0.299,102.93,108.23,-5.3,91.06,94.86,-3.84,0.5176,0.4714,0.4714,0.3064,0.1974,0.181,0.5232,43,17,104.4,108.3,44,9,101.5,108.16
Boston Celtics,2017,105,70,35,0.667,103.62,100.27,3.35,106.09,103.64,2.44,0.5403,0.5001,0.5001,0.2793,0.249,0.1251,0.5153,54,39,105.39,99.33,51,31,101.75,101.25
Brooklyn Nets,2017,86,31,55,0.36,106.91,109.99,-3.08,99.67,90.55,9.13,0.5683,0.5335,0.5335,0.306,0.216,0.1715,0.454,44,17,106.32,108.43,42,14,107.52,111.62
Charlotte Hornets,2017,87,38,49,0.437,107.84,107.63,0.21,98.36,99.3,-0.96,0.5262,0.4936,0.4936,0.2736,0.256,0.1638,0.528,43,22,109.72,107.72,44,16,106.0,107.55
Chicago Bulls,2017,88,30,58,0.341,102.78,109.91,-7.12,95.0,101.58,-6.58,0.5455,0.5227,0.5227,0.226,0.1802,0.1708,0.5398,44,18,103.39,108.14,44,12,102.18,111.68
Cleveland Cavaliers,2017,109,63,46,0.578,108.37,108.33,0.04,105.55,108.96,-3.41,0.5479,0.5116,0.5116,0.281,0.2666,0.1471,0.5289,55,37,109.05,108.0,54,26,107.67,108.67
Dallas Mavericks,2017,88,28,60,0.318,102.34,104.85,-2.51,99.63,95.4,4.25,0.546,0.524,0.524,0.2382,0.2092,0.1633,0.5052,44,18,104.09,102.98,44,10,100.59,106.73
Denver Nuggets,2017,86,48,38,0.558,109.78,108.47,1.31,96.22,99.4,-3.17,0.5363,0.5018,0.5018,0.2782,0.2303,0.1623,0.5583,42,31,111.0,105.4,44,17,108.61,111.39
Detroit Pistons,2017,87,41,46,0.471,103.75,103.87,-0.13,102.24,102.72,-0.44,0.5398,0.5112,0.5112,0.221,0.2516,0.1326,0.5374,44,27,105.8,102.27,43,14,101.65,105.51
Golden State Warriors,2017,106,76,30,0.717,112.99,106.13,6.86,112.58,102.4,10.18,0.5856,0.552,0.552,0.2415,0.2626,0.1363,0.486,54,40,113.22,104.31,52,36,112.75,108.02
Houston Rockets,2017,103,79,24,0.767,110.83,103.49,7.35,107.19,104.48,2.71,0.5593,0.5221,0.5221,0.263,0.2393,0.1362,0.5221,52,41,112.85,104.44,51,38,108.78,102.51
Indiana Pacers,2017,92,53,39,0.576,105.08,103.28,1.79,107.82,101.84,5.98,0.5647,0.5376,0.5376,0.2401,0.2403,0.1453,0.5031,44,29,106.75,103.23,48,24,103.54,103.33
Los Angeles Clippers,2017,87,44,43,0.506,108.76,108.86,-0.1,94.08,95.48,-1.4,0.5682,0.517,0.517,0.4216,0.1724,0.1958,0.5234,45,24,109.11,108.27,42,20,108.38,109.5
Los Angeles Lakers,2017,87,37,50,0.425,107.56,109.22,-1.66,90.18,92.22,-2.02,0.5412,0.5058,0.5058,0.313,0.188,0.1852,0.5004,45,21,105.89,105.62,42,16,109.36,113.07
Memphis Grizzlies,2017,87,25,62,0.287,99.61,104.93,-5.32,95.48,87.62,7.86,0.5282,0.4854,0.4854,0.3386,0.2294,0.1636,0.458,44,18,100.73,102.43,43,7,98.47,107.49
Miami Heat,2017,93,48,45,0.516,103.14,103.68,-0.54,96.48,104.01,-7.52,0.5304,0.4978,0.4978,0.3335,0.2218,0.1647,0.5021,46,29,104.83,103.28,47,19,101.49,104.06
Milwaukee Bucks,2017,93,48,45,0.516,105.83,106.45,-0.62,104.49,106.71,-2.24,0.5772,0.5491,0.5491,0.2538,0.1889,0.1515,0.5121,46,29,106.26,104.89,47,19,105.4,107.98
Minnesota Timberwolves,2017,89,49,40,0.551,109.09,107.71,1.38,106.1,113.99,-7.87,0.5576,0.5136,0.5136,0.3173,0.25,0.1514,0.5563,44,31,111.36,106.86,45,18,106.87,108.53
New Orleans Pelicans,2017,95,54,41,0.568,111.16,110.56,0.6,102.43,106.36,-3.93,0.557,0.5197,0.5197,0.2562,0.1998,0.1468,0.5278,46,27,113.41,111.8,49,27,109.04,109.39
New York Knicks,2017,87,29,58,0.333,104.07,108.29,-4.22,92.24,106.14,-13.9,0.519,0.4762,0.4762,0.2604,0.2096,0.1932,0.5828,44,19,106.45,106.3,43,10,101.63,110.33
Oklahoma City Thunder,2017,91,52,39,0.571,107.1,104.15,2.95,99.61,100.96,-1.34,0.5347,0.5,0.5,0.2648,0.2417,0.1601,0.5067,46,30,108.37,103.26,45,22,105.8,105.07
Orlando Magic,2017,88,28,60,0.318,103.1,107.44,-4.34,95.22,92.93,2.33,0.5172,0.4917,0.4917,0.2193,0.204,0.1557,0.466,44,19,103.73,106.64,44,9,102.48,108.25
Philadelphia 76ers,2017,97,59,38,0.608,109.6,105.42,4.18,104.77,102.13,2.66,0.5412,0.5011,0.5011,0.318,0.2767,0.151,0.501,49,34,110.69,103.16,48,25,108.48,107.73
Phoenix Suns,2017,86,22,64,0.256,104.0,113.34,-9.34,94.85,102.47,-7.63,0.5595,0.5,0.5,0.4595,0.2028,0.189,0.4957,43,10,103.16,113.6,43,12,104.84,113.07
Portland Trail Blazers,2017,91,53,38,0.582,105.99,103.45,2.54,104.04,102.41,1.61,0.5448,0.5084,0.5084,0.2572,0.2593,0.1444,0.5208,45,29,106.53,102.51,46,24,105.46,104.37
Sacramento Kings,2017,88,28,60,0.318,98.27,105.44,-7.17,91.98,101.75,-9.78,0.5085,0.4755,0.4755,0.2017,0.2333,0.1733,0.5307,43,15,100.4,105.51,45,13,96.24,105.38
San Antonio Spurs,2017,92,51,41,0.554,102.64,100.15,2.49,104.07,104.47,-0.42,0.5611,0.5183,0.5183,0.257,0.237,0.1446,0.5132,46,36,105.61,98.24,46,15,99.67,102.07
Toronto Raptors,2017,97,66,31,0.68,111.09,104.64,6.45,108.07,109.52,-1.44,0.5803,0.5376,0.5376,0.3093,0.2447,0.1579,0.5335,48,39,112.71,102.96,49,27,109.51,106.29
Utah Jazz,2017,96,56,40,0.583,104.2,100.41,3.79,103.54,103.04,0.5,0.5516,0.5199,0.5199,0.2839,0.2567,0.159,0.5079,47,32,104.21,97.21,49,24,104.18,103.47
Washington Wizards,2017,92,48,44,0.522,106.7,106.12,0.58,106.83,106.17,0.64,0.5644,0.5218,0.5218,0.2762,0.2626,0.1521,0.538,46,27,108.13,104.65,46,21,105.26,107.59
Atlanta Hawks,2018,87,31,56,0.356,113.3,119.18,-5.89,102.36,105.72,-3.34,0.5652,0.5352,0.5352,0.2876,0.2566,0.198,0.5082,43,19,116.12,119.56,44,12,110.55,118.82
Boston Celtics,2018,93,54,39,0.581,111.1,107.52,3.58,101.05,103.51,-2.45,0.5338,0.4846,0.4846,0.3001,0.2349,0.1443,0.4882,46,30,112.46,106.59,47,24,109.77,108.43
Brooklyn Nets,2018,91,45,46,0.495,111.84,112.77,-0.93,103.11,110.82,-7.73,0.5343,0.4887,0.4887,0.2962,0.2912,0.1689,0.5192,44,23,113.45,111.66,47,22,110.32,113.81
Charlotte Hornets,2018,85,42,43,0.494,111.01,111.84,-0.82,110.13,103.53,6.63,0.615,0.578,0.578,0.3,0.1453,0.1583,0.5013,43,27,113.28,109.42,42,15,108.69,114.31
Chicago Bulls,2018,86,23,63,0.267,104.51,112.88,-8.37,91.98,99.65,-7.67,0.4795,0.4495,0.4495,0.1902,0.233,0.1455,0.4998,43,10,103.35,112.47,43,13,105.67,113.3
Cleveland Cavaliers,2018,86,21,65,0.244,104.58,113.86,-9.28,106.7,109.25,-2.55,0.5395,0.4895,0.4895,0.3438,0.292,0.1502,0.5158,44,14,105.39,112.61,42,7,103.74,115.17
Dallas Mavericks,2018,85,34,51,0.4,109.11,110.44,-1.33,107.77,110.6,-2.87,0.581,0.539,0.539,0.478,0.3193,0.183,0.5847,43,24,110.58,108.6,42,10,107.6,112.31
Denver Nuggets,2018,99,63,36,0.636,110.27,106.73,3.55,110.88,108.89,2.0,0.5396,0.4978,0.4978,0.2931,0.2912,0.1124,0.5014,49,39,112.61,102.82,50,24,107.98,110.56
Detroit Pistons,2018,91,43,48,0.473,106.53,107.86,-1.33,100.97,112.19,-11.21,0.4937,0.4638,0.4638,0.2057,0.2611,0.1126,0.5454,45,26,108.16,106.84,46,17,104.93,108.85
Golden State Warriors,2018,108,72,36,0.667,116.76,111.2,5.56,113.0,110.63,2.38,0.5842,0.5437,0.5437,0.2922,0.2959,0.1518,0.5223,55,37,116.67,111.36,53,35,116.85,111.04
Houston Rockets,2018,97,62,35,0.639,113.35,108.56,4.79,110.51,105.79,4.73,0.5797,0.5406,0.5406,0.3073,0.2828,0.1673,0.5013,49,37,116.53,109.18,48,25,110.1,107.92
Indiana Pacers,2018,90,50,40,0.556,107.09,104.4,2.69,96.79,101.2,-4.39,0.5025,0.4666,0.4666,0.2324,0.254,0.1549,0.5031,43,29,108.33,101.33,47,21,105.96,107.21
Los Angeles Clippers,2018,91,53,38,0.582,115.05,114.4,0.66,109.82,110.69,-0.9,0.5621,0.5134,0.5134,0.3111,0.2872,0.1528,0.5217,46,28,117.2,114.72,45,25,112.87,114.07
Los Angeles Lakers,2018,87,40,47,0.46,111.87,113.37,-1.49,100.2,98.96,1.26,0.5714,0.5202,0.5202,0.4462,0.2234,0.1826,0.4902,45,24,111.11,111.33,42,16,112.69,115.55
Memphis Grizzlies,2018,87,35,52,0.402,103.71,106.56,-2.85,99.64,106.38,-6.78,0.5654,0.5118,0.5118,0.3796,0.1942,0.1886,0.5296,44,23,105.02,104.68,43,12,102.37,108.49
Miami Heat,2018,87,42,45,0.483,106.25,106.44,-0.18,104.94,105.12,-0.18,0.5564,0.5118,0.5118,0.3812,0.266,0.1678,0.5554,44,22,106.73,106.07,43,20,105.77,106.81
Milwaukee Bucks,2018,101,73,28,0.723,117.59,108.4,9.2,111.74,101.43,10.3,0.5683,0.5334,0.5334,0.3209,0.2648,0.1324,0.4687,51,41,119.12,106.27,50,32,116.04,110.56
Minnesota Timberwolves,2018,86,36,50,0.419,112.24,114.59,-2.35,98.1,115.55,-17.43,0.5172,0.4417,0.4417,0.4285,0.2515,0.1605,0.571,43,25,114.14,112.09,43,11,110.35,117.09
New Orleans Pelicans,2018,86,33,53,0.384,115.29,117.1,-1.81,98.65,109.07,-10.42,0.534,0.5082,0.5082,0.3242,0.269,0.1795,0.5058,42,19,115.21,116.43,44,14,115.36,117.75
New York Knicks,2018,87,20,67,0.23,104.79,113.52,-8.72,98.76,100.02,-1.24,0.5326,0.4776,0.4776,0.3668,0.2422,0.1712,0.49,44,10,105.75,113.34,43,10,103.81,113.7
Oklahoma City Thunder,2018,91,53,38,0.582,113.73,110.66,3.07,103.36,103.67,-0.32,0.5267,0.4818,0.4818,0.315,0.3062,0.154,0.5006,46,30,113.8,109.13,45,23,113.64,112.22
Orlando Magic,2018,91,44,47,0.484,106.0,106.26,-0.26,95.18,104.77,-9.58,0.4931,0.4588,0.4588,0.2759,0.2457,0.1534,0.523,45,26,107.64,105.89,46,18,104.39,106.63
Philadelphia 76ers,2018,97,60,37,0.619,114.44,111.7,2.74,109.19,106.49,2.71,0.5647,0.52,0.52,0.305,0.3203,0.1729,0.5015,49,36,117.82,109.76,48,24,111.0,113.69
Phoenix Suns,2018,86,20,66,0.233,107.09,116.59,-9.5,101.1,113.3,-12.23,0.5297,0.4878,0.4878,0.3478,0.2978,0.1867,0.54,43,12,107.09,113.7,43,8,107.09,119.49
Portland Trail Blazers,2018,102,64,38,0.627,113.9,110.28,3.62,110.6,109.17,1.43,0.5544,0.5124,0.5124,0.2874,0.2958,0.1334,0.5014,52,39,117.6,110.04,50,25,110.06,110.54
Sacramento Kings,2018,87,40,47,0.46,113.72,115.6,-1.87,99.88,113.3,-13.42,0.5056,0.4608,0.4608,0.3206,0.269,0.1312,0.5658,42,24,114.4,113.93,45,16,113.09,117.16
San Antonio Spurs,2018,93,53,40,0.57,110.92,109.31,1.61,110.22,109.36,0.85,0.5514,0.5094,0.5094,0.2827,0.2572,0.1046,0.5095,46,35,112.52,105.93,47,18,109.36,112.62
Toronto Raptors,2018,109,76,33,0.697,112.7,106.67,6.03,109.13,103.18,5.95,0.5609,0.5165,0.5165,0.274,0.2401,0.1294,0.4915,55,42,113.55,105.16,54,34,111.83,108.2
Utah Jazz,2018,90,54,36,0.6,111.22,106.22,5.0,103.84,102.2,1.65,0.5489,0.5064,0.5064,0.3005,0.2809,0.1633,0.4955,44,31,112.07,104.11,46,23,110.41,108.24
Washington Wizards,2018,86,35,51,0.407,114.0,116.52,-2.52,104.25,98.47,5.78,0.5617,0.5202,0.5202,0.3043,0.2598,0.1827,0.4888,43,23,116.63,114.86,43,12,111.37,118.19
Atlanta Hawks,2019,72,21,51,0.292,110.63,119.15,-8.53,91.2,105.58,-14.4,0.4978,0.464,0.464,0.315,0.2484,0.2094,0.4946,36,14,113.69,117.22,36,7,107.56,121.08
Boston Celtics,2019,68,47,21,0.691,112.87,105.66,7.21,108.17,84.58,23.6,0.5777,0.5577,0.5577,0.269,0.3122,0.1998,0.436,34,25,115.38,106.29,34,22,110.35,105.03
Brooklyn Nets,2019,67,32,35,0.478,110.46,111.06,-0.6,97.93,97.8,0.13,0.556,0.526,0.526,0.2997,0.267,0.216,0.481,34,19,110.47,108.94,33,13,110.45,113.24
Charlotte Hornets,2019,70,24,46,0.343,102.91,109.37,-6.46,97.64,100.48,-2.86,0.546,0.5038,0.5038,0.2374,0.2456,0.2036,0.5172,34,10,103.59,109.38,36,14,102.28,109.36
Chicago Bulls,2019,70,24,46,0.343,106.93,109.76,-2.83,101.62,100.04,1.6,0.5126,0.4826,0.4826,0.2318,0.2864,0.161,0.5322,37,15,106.92,108.14,33,9,106.94,111.58
Cleveland Cavaliers,2019,68,19,49,0.279,106.18,114.79,-8.62,88.07,111.9,-23.8,0.4973,0.4577,0.4577,0.286,0.2373,0.207,0.5787,37,11,108.19,115.14,31,8,103.77,114.39
Dallas Mavericks,2019,72,42,30,0.583,115.79,109.85,5.94,101.82,98.16,3.64,0.546,0.5,0.5,0.3326,0.2906,0.1908,0.5212,36,20,115.67,109.17,36,22,115.92,110.53
Denver Nuggets,2019,69,47,22,0.681,110.28,106.88,3.39,100.78,92.0,8.78,0.5593,0.5192,0.5192,0.3112,0.2745,0.1975,0.4647,34,26,111.26,105.26,35,21,109.31,108.46
Detroit Pistons,2019,71,23,48,0.324,107.1,110.79,-3.69,101.16,106.6,-5.46,0.526,0.4872,0.4872,0.2782,0.2974,0.1706,0.5278,36,13,109.19,111.44,35,10,104.94,110.11
Golden State Warriors,2019,70,17,53,0.243,106.73,115.1,-8.37,103.3,107.0,-3.72,0.538,0.4804,0.4804,0.3074,0.2934,0.1744,0.5296,37,10,108.24,115.73,33,7,105.03,114.39
Houston Rockets,2019,69,43,26,0.623,118.46,114.81,3.65,110.14,108.14,2.02,0.5804,0.5384,0.5384,0.3638,0.2888,0.1772,0.5448,34,23,118.85,112.62,35,20,118.09,116.94
Indiana Pacers,2019,69,42,27,0.609,109.93,107.59,2.33,105.6,97.25,8.32,0.577,0.5373,0.5373,0.272,0.3003,0.2018,0.4798,35,23,110.54,105.49,34,19,109.29,109.76
Los Angeles Clippers,2019,67,44,23,0.657,115.07,109.57,5.51,84.57,98.13,-13.6,0.4697,0.4443,0.4443,0.2963,0.1767,0.185,0.5097,35,25,115.34,108.43,32,19,114.78,110.81
Los Angeles Lakers,2019,69,52,17,0.754,113.72,106.62,7.1,101.85,98.48,3.38,0.5417,0.505,0.505,0.3307,0.3275,0.2018,0.4833,34,25,114.41,104.85,35,27,113.06,108.34
Memphis Grizzlies,2019,68,33,35,0.485,112.28,113.74,-1.46,94.27,103.87,-9.6,0.4933,0.4427,0.4427,0.307,0.1933,0.1313,0.529,34,18,112.94,112.97,34,15,111.62,114.5
Miami Heat,2019,70,45,25,0.643,112.36,108.46,3.9,107.98,96.9,11.08,0.5904,0.5616,0.5616,0.1898,0.2744,0.1896,0.4946,35,29,116.74,107.06,35,16,107.97,109.86
Milwaukee Bucks,2019,70,58,12,0.829,118.83,107.2,11.63,108.76,95.16,13.6,0.6318,0.596,0.596,0.2974,0.1802,0.192,0.4512,33,30,121.97,106.45,37,28,116.03,107.86
Minnesota Timberwolves,2019,68,20,48,0.294,113.12,117.74,-4.62,96.55,105.2,-8.65,0.495,0.4527,0.4527,0.2485,0.308,0.1765,0.5523,32,8,110.69,115.34,36,12,115.28,119.86
New Orleans Pelicans,2019,69,33,36,0.478,116.87,117.1,-0.23,114.26,106.96,7.3,0.6122,0.5804,0.5804,0.3238,0.2458,0.1686,0.569,33,14,118.7,117.58,36,19,115.19,116.67
New York Knicks,2019,70,22,48,0.314,105.69,112.0,-6.31,98.72,103.03,-4.3,0.5252,0.483,0.483,0.316,0.2403,0.1663,0.4938,36,11,105.25,110.5,34,11,106.15,113.59
Oklahoma City Thunder,2019,67,41,26,0.612,110.4,108.46,1.94,97.13,103.97,-6.77,0.5367,0.5077,0.5077,0.3147,0.182,0.183,0.482,35,21,113.37,109.4,32,20,107.16,107.44
Orlando Magic,2019,71,33,38,0.465,105.89,106.73,-0.85,96.52,95.8,0.73,0.5035,0.47,0.47,0.2715,0.2692,0.1752,0.4798,34,16,103.5,105.79,37,17,108.08,107.59
Philadelphia 76ers,2019,69,42,27,0.609,109.39,106.64,2.75,104.42,93.68,10.77,0.5523,0.5132,0.5132,0.3115,0.3488,0.2013,0.4433,33,30,112.09,102.27,36,12,106.92,110.64
Phoenix Suns,2019,69,28,41,0.406,112.33,113.64,-1.3,99.92,99.78,0.15,0.5525,0.4965,0.4965,0.3185,0.2468,0.1932,0.515,37,14,113.27,113.19,32,14,111.25,114.16
Portland Trail Blazers,2019,70,30,40,0.429,113.46,115.33,-1.87,103.3,109.25,-5.95,0.5815,0.547,0.547,0.3427,0.215,0.1955,0.5443,34,18,116.03,115.03,36,12,111.03,115.61
Sacramento Kings,2019,68,30,38,0.441,109.49,111.22,-1.74,105.47,104.67,0.8,0.5608,0.508,0.508,0.368,0.2655,0.1758,0.5155,33,15,109.85,111.33,35,15,109.14,111.11
San Antonio Spurs,2019,68,29,39,0.426,112.54,114.71,-2.16,99.12,105.8,-6.7,0.5384,0.4956,0.4956,0.3146,0.201,0.171,0.5186,33,17,112.45,112.45,35,12,112.63,116.83
Toronto Raptors,2019,68,48,20,0.706,113.09,107.01,6.07,103.0,103.5,-0.53,0.5602,0.5172,0.5172,0.3412,0.2802,0.1875,0.503,34,24,115.71,107.79,34,24,110.47,106.24
Utah Jazz,2019,68,41,27,0.603,111.25,109.09,2.16,107.97,120.7,-12.7,0.5892,0.5453,0.5453,0.3158,0.226,0.1748,0.611,33,21,111.24,107.73,35,20,111.26,110.37
Washington Wizards,2019,68,26,42,0.382,115.19,118.66,-3.47,103.43,97.3,6.13,0.5483,0.5215,0.5215,0.2602,0.215,0.1568,0.493,34,16,114.35,115.32,34,10,116.03,122.0
Atlanta Hawks,2020,92,53,39,0.576,112.29,110.71,1.59,107.43,108.43,-1.0,0.5519,0.509,0.509,0.2734,0.2461,0.1314,0.5161,45,30,113.91,108.27,47,23,110.74,113.04
Boston Celtics,2020,80,38,42,0.475,112.2,111.77,0.42,109.61,118.38,-8.78,0.5383,0.488,0.488,0.2993,0.3362,0.1478,0.5491,40,23,114.12,111.8,40,15,110.27,111.75
Brooklyn Nets,2020,86,57,29,0.663,117.66,112.67,4.99,114.78,107.19,7.59,0.5926,0.5534,0.5534,0.2716,0.2397,0.1259,0.4946,44,35,117.77,110.2,42,22,117.55,115.26
Charlotte Hornets,2020,77,34,43,0.442,109.7,111.97,-2.27,104.66,110.72,-6.04,0.561,0.5234,0.5234,0.302,0.2352,0.1714,0.5536,38,18,108.18,108.66,39,16,111.18,115.21
Chicago Bulls,2020,76,34,42,0.447,110.61,111.25,-0.64,102.7,99.67,3.0,0.5347,0.507,0.507,0.2565,0.292,0.174,0.4768,38,16,109.16,110.97,38,18,112.05,111.53
Cleveland Cavaliers,2020,76,24,52,0.316,103.62,112.01,-8.39,99.35,106.55,-7.2,0.561,0.526,0.526,0.344,0.28,0.239,0.5453,38,15,107.68,113.84,38,9,99.55,110.18
Dallas Mavericks,2020,82,47,35,0.573,112.26,110.41,1.84,114.13,115.83,-1.71,0.5638,0.5366,0.5366,0.2327,0.2747,0.117,0.5565,40,21,110.27,111.13,42,26,114.14,109.74
Denver Nuggets,2020,85,53,32,0.624,115.2,110.94,4.26,116.08,116.08,-0.02,0.5711,0.5419,0.5419,0.2385,0.3005,0.1266,0.5488,43,29,118.0,111.3,42,24,112.33,110.57
Detroit Pistons,2020,76,22,54,0.289,105.95,110.05,-4.11,91.15,89.05,2.08,0.5222,0.4868,0.4868,0.2767,0.2107,0.2082,0.4708,38,14,104.37,107.21,38,8,107.53,112.89
Golden State Warriors,2020,77,41,36,0.532,113.4,112.4,1.0,102.82,102.5,0.34,0.5496,0.5162,0.5162,0.266,0.241,0.1744,0.475,38,26,116.03,111.16,39,15,110.85,113.62
Houston Rockets,2020,76,20,56,0.263,109.07,115.97,-6.91,109.63,99.53,10.07,0.56,0.5275,0.5275,0.2255,0.2335,0.1273,0.4715,38,11,107.32,114.37,38,9,110.82,117.58
Indiana Pacers,2020,77,35,42,0.455,115.3,115.58,-0.29,106.74,110.94,-4.18,0.5472,0.5202,0.5202,0.2238,0.2696,0.1518,0.5864,38,14,113.5,115.55,39,21,117.05,115.62
Los Angeles Clippers,2020,94,57,37,0.606,112.99,107.98,5.01,116.4,114.7,1.71,0.5956,0.5531,0.5531,0.2883,0.2445,0.1237,0.5484,47,31,114.87,108.49,47,26,111.11,107.47
Los Angeles Lakers,2020,88,52,36,0.591,108.67,106.2,2.47,108.46,107.63,0.84,0.5535,0.516,0.516,0.2931,0.2782,0.1489,0.5284,44,26,110.59,106.93,44,26,106.75,105.48
Memphis Grizzlies,2020,83,44,39,0.53,113.53,112.53,1.0,110.35,110.15,0.21,0.553,0.5203,0.5203,0.2645,0.2671,0.128,0.5177,41,20,110.46,110.78,42,24,116.52,114.24
Miami Heat,2020,83,43,40,0.518,107.36,108.63,-1.27,104.92,114.57,-9.65,0.5629,0.5215,0.5215,0.2806,0.2071,0.1491,0.5365,42,22,107.36,108.76,41,21,107.37,108.49
Milwaukee Bucks,2020,90,56,34,0.622,117.8,112.62,5.18,109.05,106.64,2.42,0.5413,0.5143,0.5143,0.2231,0.2908,0.1378,0.5199,45,32,118.62,110.91,45,24,116.98,114.33
Minnesota Timberwolves,2020,75,24,51,0.32,112.15,117.73,-5.59,99.27,104.3,-5.07,0.5403,0.4927,0.4927,0.3453,0.2343,0.1847,0.523,38,13,109.87,116.32,37,11,114.49,119.19
New Orleans Pelicans,2020,74,33,41,0.446,114.76,114.55,0.2,121.65,104.35,17.3,0.5905,0.5495,0.5495,0.4385,0.37,0.126,0.492,37,19,115.46,113.7,37,14,114.05,115.41
New York Knicks,2020,81,45,36,0.556,106.06,103.94,2.12,101.92,101.63,0.3,0.5219,0.4814,0.4814,0.2783,0.2846,0.155,0.4934,41,28,108.49,103.98,40,17,103.57,103.9
Oklahoma City Thunder,2020,75,23,52,0.307,105.16,115.51,-10.35,99.4,102.67,-3.2,0.542,0.5073,0.5073,0.232,0.2077,0.1633,0.5097,38,10,105.76,117.79,37,13,104.54,113.16
Orlando Magic,2020,76,23,53,0.303,104.55,113.5,-8.95,105.88,108.42,-2.58,0.5388,0.5088,0.5088,0.223,0.258,0.137,0.5135,38,12,106.05,114.71,38,11,103.05,112.29
Philadelphia 76ers,2020,86,58,28,0.674,113.93,108.03,5.9,114.41,106.39,8.01,0.5901,0.5617,0.5617,0.3536,0.2703,0.1389,0.4989,44,34,117.14,108.48,42,24,110.57,107.57
Phoenix Suns,2020,92,63,29,0.685,113.68,108.34,5.35,111.05,107.53,3.52,0.5747,0.5358,0.5359,0.2273,0.2359,0.1306,0.5105,46,33,115.26,106.91,46,30,112.11,109.76
Portland Trail Blazers,2020,82,45,37,0.549,115.87,115.05,0.82,113.76,119.02,-5.25,0.5741,0.5336,0.5336,0.2541,0.263,0.1321,0.5505,41,22,115.34,113.9,41,23,116.39,116.2
Sacramento Kings,2020,76,33,43,0.434,113.57,117.28,-3.71,102.42,105.72,-3.3,0.5245,0.481,0.481,0.3425,0.2662,0.164,0.5245,38,17,114.68,119.11,38,16,112.45,115.45
San Antonio Spurs,2020,76,33,43,0.434,110.61,112.95,-2.34,98.33,109.75,-11.45,0.4895,0.4447,0.4447,0.295,0.2417,0.1227,0.552,37,14,110.22,113.78,39,19,110.97,112.15
Toronto Raptors,2020,75,29,46,0.387,111.19,111.61,-0.43,100.73,99.93,0.77,0.5533,0.5257,0.5257,0.264,0.204,0.1753,0.5507,37,16,110.92,109.78,38,13,111.45,113.39
Utah Jazz,2020,86,61,25,0.709,116.55,108.29,8.26,119.41,117.21,2.2,0.6181,0.579,0.579,0.3029,0.2693,0.1416,0.5516,44,37,117.59,105.43,42,24,115.45,111.29
Washington Wizards,2020,82,37,45,0.451,115.72,118.23,-2.51,104.18,112.04,-7.84,0.5444,0.507,0.507,0.2837,0.262,0.1495,0.551,41,22,117.95,118.07,41,15,113.49,118.39
Atlanta Hawks,2021,93,48,45,0.516,112.71,111.49,1.22,105.91,107.3,-1.39,0.5534,0.5137,0.5137,0.2505,0.2484,0.1585,0.52,46,30,115.98,110.72,47,18,109.51,112.26
Boston Celtics,2021,110,67,43,0.609,110.09,104.05,6.04,109.11,106.36,2.74,0.5708,0.5291,0.5291,0.2788,0.2657,0.1566,0.5042,55,36,109.2,103.16,55,31,110.98,104.95
Brooklyn Nets,2021,91,48,43,0.527,112.77,111.91,0.86,112.96,111.24,1.7,0.6082,0.5761,0.5761,0.3023,0.2717,0.1703,0.5334,46,23,110.52,112.17,45,25,115.07,111.64
Charlotte Hornets,2021,87,44,43,0.506,114.17,115.05,-0.87,91.32,113.7,-22.38,0.4802,0.4472,0.4472,0.237,0.2528,0.1764,0.5504,43,22,111.84,112.77,44,22,116.45,117.27
Chicago Bulls,2021,91,51,40,0.56,110.99,111.2,-0.21,101.68,100.84,0.83,0.5207,0.4869,0.4869,0.1842,0.2293,0.1253,0.5121,46,30,113.65,110.83,45,21,108.27,111.58
Cleveland Cavaliers,2021,89,46,43,0.517,107.34,105.83,1.51,101.66,106.83,-5.16,0.5427,0.5111,0.5111,0.2836,0.2727,0.1809,0.5219,44,25,107.57,103.82,45,21,107.11,107.8
Dallas Mavericks,2021,104,65,39,0.625,108.13,104.47,3.66,114.25,109.33,4.91,0.5812,0.5449,0.5449,0.2827,0.2281,0.1122,0.524,51,37,108.37,101.55,53,28,107.91,107.28
Denver Nuggets,2021,92,50,42,0.543,112.34,110.8,1.53,108.52,114.0,-5.47,0.5694,0.5335,0.5335,0.2751,0.2799,0.1641,0.5687,44,24,114.93,112.75,48,26,109.96,109.02
Detroit Pistons,2021,86,25,61,0.291,104.83,112.52,-7.7,104.8,111.4,-6.6,0.5563,0.5132,0.5132,0.2838,0.2278,0.1685,0.5155,43,15,105.47,110.05,43,10,104.19,115.0
Golden State Warriors,2021,109,74,35,0.679,111.5,105.79,5.71,113.41,107.49,5.91,0.5869,0.56,0.56,0.2288,0.269,0.1477,0.5209,56,45,113.79,103.36,53,29,109.08,108.36
Houston Rockets,2021,86,21,65,0.244,109.51,118.1,-8.59,98.67,107.72,-9.05,0.5202,0.484,0.484,0.373,0.2738,0.189,0.5375,43,12,112.09,118.6,43,9,106.93,117.6
Indiana Pacers,2021,86,27,59,0.314,111.12,114.73,-3.62,102.68,109.33,-6.65,0.5325,0.5075,0.5075,0.2027,0.286,0.163,0.5385,43,17,113.63,114.49,43,10,108.6,114.98
Los Angeles Clippers,2021,88,43,45,0.489,108.07,108.72,-0.65,101.08,109.85,-8.77,0.5232,0.4812,0.4812,0.2952,0.2547,0.1598,0.5242,45,26,109.02,107.8,43,17,107.07,109.67
Los Angeles Lakers,2021,88,33,55,0.375,111.51,115.38,-3.86,95.87,109.13,-13.32,0.5215,0.4857,0.4857,0.2848,0.2267,0.1828,0.5223,44,21,111.3,113.32,44,12,111.73,117.43
Memphis Grizzlies,2021,100,65,35,0.65,114.71,109.2,5.51,108.24,103.24,4.99,0.5444,0.5107,0.5107,0.2574,0.3043,0.1516,0.5105,50,36,116.4,106.84,50,29,113.02,111.56
Miami Heat,2021,106,69,37,0.651,109.08,104.75,4.32,109.95,106.14,3.8,0.554,0.5167,0.5167,0.2532,0.3002,0.1482,0.5196,54,39,110.35,103.96,52,30,107.75,105.58
Milwaukee Bucks,2021,99,59,40,0.596,113.62,110.75,2.87,104.98,105.52,-0.52,0.5422,0.5149,0.5149,0.2218,0.2597,0.143,0.5154,49,31,113.98,110.29,50,28,113.26,111.2
Minnesota Timberwolves,2021,93,52,41,0.559,115.39,113.08,2.31,106.35,106.72,-0.35,0.5671,0.5239,0.5239,0.3082,0.2439,0.1591,0.5169,46,29,112.98,108.65,47,23,117.74,117.4
New Orleans Pelicans,2021,94,41,53,0.436,108.91,110.28,-1.36,108.69,112.53,-3.83,0.5427,0.5048,0.5048,0.2874,0.3382,0.152,0.5428,46,22,111.33,109.41,48,19,106.6,111.1
New York Knicks,2021,86,41,45,0.477,106.93,106.48,0.45,113.5,101.55,11.95,0.5665,0.5305,0.5305,0.2165,0.257,0.1093,0.4878,44,20,106.68,107.41,42,21,107.19,105.5
Oklahoma City Thunder,2021,86,25,61,0.291,103.81,111.92,-8.1,102.78,109.85,-7.07,0.5373,0.515,0.515,0.2172,0.2365,0.1517,0.553,44,13,104.61,110.86,42,12,102.98,113.02
Orlando Magic,2021,86,23,63,0.267,103.87,111.72,-7.85,97.9,102.63,-4.75,0.5248,0.4948,0.4948,0.1822,0.2505,0.1727,0.481,43,13,104.09,111.84,43,10,103.65,111.6
Philadelphia 76ers,2021,98,59,39,0.602,109.43,107.17,2.26,111.69,110.68,1.03,0.5889,0.5487,0.5487,0.2862,0.268,0.1602,0.5266,49,30,110.08,106.2,49,29,108.78,108.14
Phoenix Suns,2021,99,74,25,0.747,113.94,107.1,6.84,113.46,109.41,4.08,0.5896,0.5554,0.5554,0.2192,0.2651,0.1459,0.5235,50,39,115.12,105.92,49,35,112.73,108.31
Portland Trail Blazers,2021,86,27,59,0.314,105.6,115.17,-9.57,87.13,109.08,-22.0,0.507,0.4632,0.4632,0.266,0.217,0.2213,0.5453,43,17,108.4,113.79,43,10,102.81,116.56
Sacramento Kings,2021,86,34,52,0.395,110.44,115.14,-4.7,107.35,97.6,9.78,0.5508,0.5245,0.5245,0.2027,0.2365,0.126,0.4985,43,18,110.6,114.12,43,16,110.28,116.16
San Antonio Spurs,2021,88,37,51,0.42,112.84,112.38,0.47,106.78,101.95,4.83,0.5358,0.5125,0.5125,0.2022,0.2822,0.1418,0.4933,44,18,113.64,112.64,44,19,112.05,112.11
Toronto Raptors,2021,93,53,40,0.57,109.2,107.48,1.72,109.02,113.03,-4.03,0.5475,0.5148,0.5148,0.2269,0.2935,0.1367,0.5609,46,27,110.63,106.83,47,26,107.81,108.13
Utah Jazz,2021,92,53,39,0.576,112.47,107.47,5.0,105.91,110.03,-4.12,0.544,0.5045,0.5045,0.2745,0.2514,0.1324,0.5339,46,32,116.37,107.0,46,21,108.57,107.93
Washington Wizards,2021,86,35,51,0.407,108.67,112.26,-3.58,104.77,112.53,-7.73,0.5517,0.5072,0.5072,0.34,0.21,0.1313,0.542,43,21,111.51,112.65,43,14,105.84,111.86
Atlanta Hawks,2022,93,46,47,0.495,117.99,117.91,0.08,113.3,114.23,-0.95,0.5636,0.5315,0.5315,0.2254,0.2778,0.1253,0.5603,45,26,119.98,117.89,48,20,116.13,117.94
Boston Celtics,2022,106,70,36,0.66,117.07,111.0,6.07,116.0,111.53,4.47,0.5982,0.5631,0.5631,0.2425,0.2648,0.1356,0.5136,54,38,118.67,109.52,52,32,115.4,112.54
Brooklyn Nets,2022,90,47,43,0.522,111.91,111.94,-0.03,99.98,109.17,-9.21,0.5465,0.5115,0.5115,0.282,0.1999,0.1685,0.5079,45,23,111.27,109.91,45,24,112.56,113.98
Charlotte Hornets,2022,87,27,60,0.31,110.25,117.16,-6.91,95.1,111.44,-16.36,0.4814,0.4424,0.4424,0.2812,0.2956,0.1604,0.5532,44,13,108.77,116.18,43,14,111.77,118.16
Chicago Bulls,2022,88,44,44,0.5,113.34,111.6,1.74,113.33,105.3,8.05,0.6052,0.5685,0.5685,0.2512,0.2547,0.1622,0.493,44,24,114.98,111.45,44,20,111.7,111.75
Cleveland Cavaliers,2022,91,53,38,0.582,110.97,106.6,4.36,102.98,108.0,-5.04,0.5471,0.5128,0.5128,0.2641,0.2612,0.1629,0.4854,46,33,111.76,104.63,45,20,110.16,108.62
Dallas Mavericks,2022,85,40,45,0.471,113.93,113.73,0.2,102.27,98.83,3.4,0.569,0.53,0.53,0.285,0.166,0.164,0.4837,42,23,115.12,112.62,43,17,112.77,114.81
Denver Nuggets,2022,107,72,35,0.673,115.23,111.21,4.02,116.6,110.5,6.1,0.5913,0.5539,0.5539,0.2801,0.2941,0.1308,0.5264,54,45,117.26,107.98,53,27,113.17,114.51
Detroit Pistons,2022,86,17,69,0.198,109.91,118.42,-8.51,97.55,111.8,-14.25,0.5155,0.4708,0.4708,0.2765,0.2677,0.187,0.543,43,9,111.98,118.6,43,8,107.84,118.23
Golden State Warriors,2022,99,52,47,0.525,118.09,116.29,1.8,111.5,109.94,1.55,0.561,0.5309,0.5309,0.2319,0.3048,0.1482,0.5098,51,39,119.12,111.37,48,13,117.0,121.52
Houston Rockets,2022,86,25,61,0.291,111.2,118.06,-6.86,114.63,103.17,11.47,0.5948,0.5648,0.5648,0.273,0.3707,0.1925,0.475,43,16,111.42,114.35,43,9,110.98,121.77
Indiana Pacers,2022,86,37,49,0.43,116.21,119.14,-2.93,109.67,107.63,2.05,0.5593,0.5165,0.5165,0.2762,0.2935,0.1515,0.4825,43,21,118.58,119.33,43,16,113.84,118.95
Los Angeles Clippers,2022,90,46,44,0.511,113.62,113.61,0.01,111.72,116.59,-4.85,0.579,0.5295,0.5295,0.3154,0.2686,0.1509,0.5571,46,24,112.61,111.24,44,22,114.68,116.09
Los Angeles Lakers,2022,105,53,52,0.505,115.48,115.54,-0.07,107.31,109.51,-2.2,0.556,0.5098,0.5098,0.3123,0.2483,0.1388,0.5129,54,30,115.43,112.07,51,23,115.53,119.22
Memphis Grizzlies,2022,93,56,37,0.602,115.81,112.55,3.26,104.07,105.76,-1.7,0.5276,0.4835,0.4835,0.2973,0.2849,0.151,0.5161,46,38,118.67,108.8,47,18,113.0,116.21
Miami Heat,2022,112,62,50,0.554,109.33,108.83,0.5,112.74,109.92,2.82,0.5654,0.5273,0.5273,0.2427,0.2722,0.1261,0.5273,56,36,110.61,108.79,56,26,108.05,108.87
Milwaukee Bucks,2022,92,59,33,0.641,116.39,114.05,2.34,108.66,116.75,-8.1,0.5633,0.5321,0.5321,0.2582,0.2929,0.1649,0.5928,47,33,118.32,113.28,45,26,114.38,114.87
Minnesota Timberwolves,2022,94,48,46,0.511,115.07,115.14,-0.06,107.63,107.45,0.17,0.5705,0.5321,0.5321,0.2963,0.2148,0.1461,0.5092,45,24,115.56,114.47,49,24,114.63,115.76
New Orleans Pelicans,2022,88,46,42,0.523,114.39,112.5,1.89,108.87,107.45,1.42,0.5578,0.5123,0.5123,0.3238,0.2925,0.1485,0.509,44,29,114.93,110.05,44,17,113.84,114.95
New York Knicks,2022,97,56,41,0.577,114.1,111.12,2.98,108.59,105.56,3.04,0.5387,0.4959,0.4959,0.3043,0.3371,0.1507,0.4999,49,30,116.04,110.61,48,26,112.13,111.65
Oklahoma City Thunder,2022,88,44,44,0.5,116.95,115.82,1.14,107.98,106.27,1.72,0.5582,0.5123,0.5123,0.3227,0.2867,0.1623,0.5132,42,24,120.24,115.21,46,20,113.96,116.37
Orlando Magic,2022,87,38,49,0.437,111.13,113.47,-2.34,103.94,102.6,1.36,0.557,0.5154,0.5154,0.2646,0.265,0.1864,0.5134,43,22,114.19,114.35,44,16,108.14,112.61
Philadelphia 76ers,2022,97,65,32,0.67,113.69,109.79,3.9,109.89,108.65,1.27,0.5503,0.506,0.506,0.2248,0.2965,0.1327,0.5341,48,34,112.81,108.46,49,31,114.55,111.1
Phoenix Suns,2022,96,52,44,0.542,113.57,112.05,1.52,113.81,115.41,-1.59,0.5769,0.5331,0.5331,0.2923,0.2816,0.1319,0.5353,48,32,114.6,110.44,48,20,112.54,113.67
Portland Trail Blazers,2022,86,33,53,0.384,112.66,117.5,-4.84,97.27,118.63,-21.38,0.5252,0.4652,0.4652,0.421,0.2695,0.187,0.5662,42,17,115.26,119.29,44,16,110.18,115.8
Sacramento Kings,2022,93,55,38,0.591,120.03,116.68,3.35,110.18,102.35,7.85,0.5429,0.5095,0.5095,0.2702,0.3414,0.1442,0.4901,47,27,122.83,118.64,46,28,117.17,114.67
San Antonio Spurs,2022,87,23,64,0.264,112.46,122.54,-10.08,97.84,107.88,-10.04,0.5212,0.4832,0.4832,0.3032,0.2506,0.1766,0.5276,44,14,114.23,120.66,43,9,110.65,124.47
Toronto Raptors,2022,88,44,44,0.5,112.88,111.45,1.42,105.32,104.8,0.5,0.5165,0.4825,0.4825,0.3523,0.3372,0.1422,0.5102,45,29,114.29,109.76,43,15,111.4,113.23
Utah Jazz,2022,86,38,48,0.442,116.34,117.65,-1.31,97.17,104.72,-7.55,0.4985,0.4743,0.4743,0.2665,0.325,0.1908,0.5378,43,23,117.23,116.7,43,15,115.44,118.6
Washington Wizards,2022,85,36,49,0.424,112.69,114.05,-1.35,101.1,107.53,-6.43,0.507,0.4617,0.4617,0.2623,0.289,0.141,0.5057,41,19,114.24,114.61,44,17,111.25,113.52
Atlanta Hawks,2023,88,39,49,0.443,117.7,120.03,-2.33,104.98,109.82,-4.83,0.5622,0.525,0.525,0.2705,0.2803,0.185,0.5745,44,24,120.89,119.68,44,15,114.52,120.39
Boston Celtics,2023,106,84,22,0.792,118.27,107.56,10.72,116.68,107.51,9.17,0.5872,0.5533,0.5533,0.2358,0.2862,0.1305,0.5231,54,48,120.8,106.56,52,36,115.65,108.6
Brooklyn Nets,2023,85,33,52,0.388,110.61,113.49,-2.88,110.23,111.9,-1.67,0.6033,0.5553,0.5553,0.348,0.2503,0.1967,0.5247,42,20,112.4,111.36,43,13,108.86,115.58
Charlotte Hornets,2023,86,22,64,0.256,106.48,116.66,-10.19,97.4,104.97,-7.58,0.511,0.4698,0.4698,0.2887,0.2642,0.1767,0.4895,43,12,108.09,116.37,43,10,104.86,116.95
Chicago Bulls,2023,89,41,48,0.461,112.04,113.67,-1.63,107.49,111.41,-3.93,0.5373,0.5079,0.5079,0.1767,0.3184,0.1486,0.5619,45,22,112.09,111.96,44,19,112.0,115.43
Cleveland Cavaliers,2023,97,53,44,0.546,110.61,109.35,1.26,103.75,109.65,-5.91,0.5418,0.5127,0.5127,0.2111,0.2239,0.1413,0.5177,48,30,112.44,108.77,49,23,108.82,109.92
Dallas Mavericks,2023,107,64,43,0.598,114.99,112.86,2.13,111.56,109.68,1.86,0.5624,0.5325,0.5325,0.2727,0.2928,0.1369,0.5136,53,32,116.17,112.28,54,32,113.83,113.43
Denver Nuggets,2023,99,67,32,0.677,113.18,108.95,4.23,110.26,110.53,-0.28,0.5632,0.5302,0.5302,0.2191,0.2595,0.1384,0.5367,49,38,115.9,107.65,50,29,110.52,110.22
Detroit Pistons,2023,86,16,70,0.186,110.3,119.09,-8.79,108.35,109.65,-1.35,0.5797,0.5473,0.5473,0.314,0.265,0.167,0.5192,41,7,110.71,118.63,45,9,109.93,119.51
Golden State Warriors,2023,88,50,38,0.568,117.72,115.3,2.42,109.0,110.97,-1.97,0.583,0.546,0.546,0.2925,0.29,0.1702,0.5338,44,23,117.61,116.68,44,27,117.82,113.91
Houston Rockets,2023,87,45,42,0.517,114.13,112.45,1.68,104.62,94.9,9.74,0.542,0.4932,0.4932,0.3396,0.2984,0.1546,0.4848,43,29,116.0,110.33,44,16,112.3,114.52
Indiana Pacers,2023,104,57,47,0.548,121.2,118.9,2.3,117.14,116.84,0.3,0.588,0.564,0.564,0.1997,0.2981,0.135,0.5373,51,34,123.53,116.25,53,23,118.96,121.45
Los Angeles Clippers,2023,92,55,37,0.598,114.0,111.51,2.49,106.18,110.36,-4.19,0.5376,0.4972,0.4972,0.2601,0.3015,0.1496,0.5151,48,28,113.08,110.98,44,27,115.0,112.09
Los Angeles Lakers,2023,95,52,43,0.547,116.97,116.84,0.13,106.1,110.78,-4.67,0.5649,0.5336,0.5336,0.2667,0.21,0.1375,0.5313,50,32,118.12,114.58,45,20,115.69,119.36
Memphis Grizzlies,2023,87,29,58,0.333,106.37,113.03,-6.67,107.08,109.08,-1.96,0.5574,0.5248,0.5248,0.2458,0.258,0.1534,0.5208,43,11,104.58,111.37,44,18,108.11,114.66
Miami Heat,2023,94,50,44,0.532,109.21,108.44,0.78,105.95,112.18,-6.22,0.5511,0.5181,0.5181,0.2006,0.2537,0.1533,0.5333,47,25,111.3,109.7,47,25,107.13,107.17
Milwaukee Bucks,2023,93,54,39,0.581,117.82,115.76,2.05,110.59,112.51,-1.93,0.555,0.5202,0.5202,0.2388,0.275,0.1369,0.5419,47,35,120.21,113.87,46,19,115.37,117.7
Minnesota Timberwolves,2023,102,69,33,0.676,112.1,105.88,6.22,113.87,108.92,4.97,0.5792,0.5429,0.5429,0.2727,0.3008,0.1419,0.5299,50,34,111.1,103.66,52,35,113.06,108.02
New Orleans Pelicans,2023,92,51,41,0.554,113.11,110.29,2.82,97.97,107.74,-9.78,0.5185,0.4885,0.4885,0.2015,0.2807,0.1882,0.5366,46,22,112.43,111.09,46,29,113.78,109.5
New York Knicks,2023,99,58,41,0.586,112.32,109.2,3.12,116.35,120.59,-4.22,0.5611,0.5246,0.5246,0.2855,0.3446,0.1277,0.5705,51,33,111.63,106.88,48,25,113.06,111.67
Oklahoma City Thunder,2023,97,65,32,0.67,118.62,111.53,7.09,111.74,106.55,5.21,0.57,0.5363,0.5363,0.2505,0.2533,0.1233,0.5213,50,38,121.44,109.74,47,27,115.62,113.43
Orlando Magic,2023,92,52,40,0.565,109.59,107.36,2.23,105.33,100.93,4.42,0.5323,0.4894,0.4894,0.2865,0.2955,0.151,0.4979,45,32,112.09,103.96,47,20,107.19,110.62
Philadelphia 76ers,2023,93,52,41,0.559,114.03,111.31,2.72,114.01,113.81,0.18,0.5675,0.5261,0.5261,0.2667,0.3051,0.1363,0.5225,47,28,114.72,110.3,46,24,113.33,112.35
Phoenix Suns,2023,91,53,38,0.582,115.87,113.32,2.55,112.16,113.64,-1.49,0.5883,0.5359,0.5359,0.3592,0.2692,0.1656,0.5434,45,26,115.51,113.22,46,27,116.22,113.41
Portland Trail Blazers,2023,85,21,64,0.247,106.73,115.75,-9.02,110.47,119.77,-9.3,0.57,0.5483,0.5483,0.2277,0.333,0.1757,0.587,42,11,108.12,114.86,43,10,105.37,116.63
Sacramento Kings,2023,89,48,41,0.539,115.96,114.44,1.52,106.33,106.14,0.2,0.5344,0.5044,0.5044,0.2116,0.2699,0.1389,0.5411,44,26,118.39,115.8,45,22,113.58,113.11
San Antonio Spurs,2023,87,25,62,0.287,112.2,118.03,-5.84,108.62,104.3,4.3,0.5622,0.534,0.534,0.3008,0.2778,0.1558,0.4736,44,14,113.86,117.27,43,11,110.49,118.81
Toronto Raptors,2023,85,28,57,0.329,112.53,118.12,-5.59,111.07,94.3,16.77,0.6033,0.558,0.558,0.3973,0.3257,0.2043,0.4533,43,16,110.95,115.6,42,12,114.14,120.69
Utah Jazz,2023,86,33,53,0.384,115.51,120.15,-4.64,109.23,108.45,0.78,0.5723,0.5353,0.5353,0.3297,0.3182,0.1755,0.4987,42,22,119.98,118.17,44,11,111.25,122.05
Washington Wizards,2023,85,17,68,0.2,113.58,122.6,-9.02,103.07,104.6,-1.53,0.5277,0.4783,0.4783,0.257,0.2173,0.1227,0.505,42,8,112.48,121.19,43,9,114.65,123.98
Atlanta Hawks,2024,87,41,46,0.471,117.63,119.37,-1.74,102.7,112.48,-9.78,0.5238,0.4927,0.4927,0.2228,0.2745,0.1565,0.5612,42,22,118.26,119.88,45,19,117.04,118.89
Boston Celtics,2024,98,71,27,0.724,115.37,106.28,9.09,116.67,107.01,9.65,0.5757,0.5384,0.5384,0.259,0.31,0.1357,0.4929,50,35,116.64,106.26,48,36,114.04,106.29
Brooklyn Nets,2024,86,27,59,0.314,105.38,112.12,-6.73,109.5,108.1,1.4,0.5548,0.5188,0.5188,0.3035,0.3105,0.153,0.537,43,13,104.6,112.14,43,14,106.16,112.09
Charlotte Hornets,2024,85,20,65,0.235,105.76,114.0,-8.24,106.06,103.3,2.78,0.5658,0.54,0.54,0.2266,0.3268,0.2092,0.4994,43,13,106.53,111.74,42,7,104.98,116.31
Chicago Bulls,2024,88,42,46,0.477,117.7,119.36,-1.66,105.42,108.1,-2.67,0.5385,0.505,0.505,0.228,0.248,0.1495,0.5082,45,20,116.76,119.24,43,22,118.7,119.49
Cleveland Cavaliers,2024,95,69,26,0.726,121.39,112.41,8.98,116.82,110.81,6.02,0.5818,0.5365,0.5365,0.3205,0.3001,0.1309,0.5548,48,36,121.58,111.83,47,33,121.19,113.0
Dallas Mavericks,2024,88,41,47,0.466,113.78,114.89,-1.1,107.1,106.18,0.92,0.5687,0.5327,0.5327,0.2662,0.2505,0.1667,0.5167,43,23,113.91,110.84,45,18,113.67,118.76
Denver Nuggets,2024,101,58,43,0.574,118.29,116.38,1.91,108.23,115.17,-6.93,0.5552,0.5174,0.5174,0.3039,0.3236,0.1696,0.5454,51,31,120.16,115.33,50,27,116.38,117.44
Detroit Pistons,2024,93,49,44,0.527,114.39,112.35,2.03,107.39,103.89,3.51,0.5557,0.5133,0.5133,0.2802,0.3026,0.1677,0.5055,47,24,114.11,112.13,46,25,114.67,112.59
Golden State Warriors,2024,101,60,41,0.594,112.52,109.12,3.41,110.75,107.13,3.63,0.5665,0.5321,0.5321,0.2484,0.3016,0.1567,0.512,50,30,112.24,108.86,51,30,112.8,109.37
Houston Rockets,2024,92,57,35,0.62,113.93,109.5,4.43,111.82,108.68,3.15,0.5561,0.5227,0.5227,0.3358,0.3565,0.1532,0.507,47,33,113.68,106.79,45,24,114.2,112.33
Indiana Pacers,2024,109,67,42,0.615,116.92,114.7,2.22,114.85,112.54,2.31,0.6007,0.564,0.564,0.2941,0.2637,0.1468,0.524,54,38,117.87,113.43,55,29,115.98,115.95
Los Angeles Clippers,2024,93,56,37,0.602,112.04,107.77,4.27,110.86,106.46,4.39,0.5763,0.5473,0.5473,0.2687,0.2721,0.1514,0.5102,48,35,113.35,104.54,45,21,110.64,111.22
Los Angeles Lakers,2024,91,52,39,0.571,112.14,112.47,-0.33,103.85,114.54,-10.69,0.5385,0.4995,0.4995,0.2431,0.2725,0.1633,0.536,45,31,113.42,110.53,46,21,110.89,114.37
Memphis Grizzlies,2024,93,52,41,0.559,120.28,116.94,3.34,106.17,114.38,-8.23,0.5566,0.5153,0.5153,0.2715,0.3333,0.1875,0.5458,46,27,121.89,115.7,47,25,118.7,118.15
Miami Heat,2024,93,43,50,0.462,110.17,110.52,-0.34,107.12,115.54,-8.43,0.5618,0.5393,0.5393,0.2197,0.2742,0.1591,0.5592,46,22,110.63,111.04,47,21,109.72,110.0
Milwaukee Bucks,2024,91,50,41,0.549,114.21,112.91,1.3,103.52,114.5,-10.99,0.5377,0.5101,0.5101,0.2213,0.2513,0.1504,0.5502,46,30,117.57,112.63,45,20,110.78,113.2
Minnesota Timberwolves,2024,102,60,42,0.588,113.84,109.29,4.55,113.67,110.56,3.12,0.5738,0.5408,0.5408,0.2557,0.3258,0.158,0.5343,50,31,116.4,108.92,52,29,111.38,109.65
New Orleans Pelicans,2024,84,22,62,0.262,109.55,118.94,-9.39,97.73,103.8,-6.07,0.5227,0.4837,0.4837,0.255,0.243,0.1717,0.4997,41,15,111.0,116.22,43,7,108.16,121.53
New York Knicks,2024,105,65,40,0.619,114.64,111.1,3.53,111.87,110.92,0.95,0.5571,0.514,0.514,0.3039,0.3147,0.137,0.5297,53,34,116.42,109.89,52,31,112.83,112.35
Oklahoma City Thunder,2024,110,87,23,0.791,118.66,107.19,11.47,113.37,105.06,8.31,0.566,0.5259,0.5259,0.2801,0.2856,0.1249,0.5052,58,48,120.88,105.76,52,39,116.19,108.79
Orlando Magic,2024,91,44,47,0.484,103.65,104.27,-0.63,106.07,109.91,-3.83,0.5289,0.4931,0.4931,0.2762,0.2974,0.1486,0.5094,45,25,105.73,103.09,46,18,101.61,105.43
Philadelphia 76ers,2024,87,26,61,0.299,109.29,115.6,-6.31,102.16,110.1,-7.96,0.5278,0.4852,0.4852,0.2666,0.2862,0.159,0.5484,42,13,109.45,115.26,45,13,109.13,115.91
Phoenix Suns,2024,87,39,48,0.448,113.46,116.38,-2.92,105.1,106.54,-1.46,0.5524,0.5264,0.5264,0.1852,0.218,0.1482,0.5124,43,24,113.7,114.44,44,15,113.23,118.27
Portland Trail Blazers,2024,85,38,47,0.447,110.84,113.05,-2.21,105.43,87.97,17.47,0.528,0.491,0.491,0.2833,0.3333,0.167,0.436,42,23,113.0,112.62,43,15,108.72,113.47
Sacramento Kings,2024,88,40,48,0.455,114.82,115.19,-0.37,101.85,113.35,-11.52,0.513,0.4813,0.4813,0.22,0.3277,0.1747,0.6038,44,20,115.05,114.77,44,20,114.59,115.61
San Antonio Spurs,2024,86,36,50,0.419,112.7,115.17,-2.48,108.36,111.46,-3.14,0.5766,0.551,0.551,0.2802,0.259,0.1578,0.558,44,22,114.09,114.86,42,14,111.24,115.5
Toronto Raptors,2024,87,33,54,0.379,111.0,114.93,-3.93,111.08,108.48,2.64,0.5626,0.5356,0.5356,0.222,0.3502,0.1772,0.514,43,20,112.37,114.37,44,13,109.66,115.48
Utah Jazz,2024,87,19,68,0.218,110.33,119.63,-9.3,105.46,110.42,-4.94,0.5822,0.5252,0.5252,0.3904,0.3056,0.2162,0.5194,43,11,108.53,117.07,44,8,112.09,122.14
Washington Wizards,2024,87,21,66,0.241,106.43,118.77,-12.34,98.92,113.66,-14.74,0.5516,0.5194,0.5194,0.3122,0.2736,0.2006,0.5232,43,10,109.77,121.56,44,10,103.16,116.05
Atlanta Hawks,2025,68,35,33,0.515,117.69,117.57,0.12,113.18,114.19,-1.01,0.5805,0.5503,0.5503,0.2365,0.2712,0.1398,0.5462,33,16,116.64,117.06,35,19,118.69,118.06
Boston Celtics,2025,67,45,22,0.672,114.78,106.97,7.81,119.9,111.64,8.25,0.5819,0.5521,0.5521,0.2173,0.3384,0.1313,0.52,33,23,115.15,107.55,34,22,114.41,106.41
Brooklyn Nets,2025,67,18,49,0.269,107.57,115.36,-7.79,110.67,117.59,-6.92,0.5665,0.5283,0.5283,0.2814,0.3087,0.1649,0.5628,32,9,111.53,114.72,35,9,103.94,115.94
Charlotte Hornets,2025,69,34,35,0.493,116.48,113.1,3.38,116.69,114.66,2.03,0.5862,0.5484,0.5484,0.2624,0.3517,0.1617,0.5495,33,15,114.21,113.09,36,19,118.56,113.11
Chicago Bulls,2025,68,29,39,0.426,115.85,119.75,-3.9,113.5,116.79,-3.29,0.5861,0.5536,0.5536,0.2494,0.2765,0.1422,0.5503,37,18,114.97,117.41,31,11,116.9,122.55
Cleveland Cavaliers,2025,67,40,27,0.597,118.79,115.12,3.67,116.23,112.97,3.25,0.5847,0.5526,0.5526,0.2539,0.302,0.1431,0.5434,34,22,118.56,113.47,33,18,119.03,116.82
Dallas Mavericks,2025,67,24,43,0.358,113.36,116.66,-3.3,110.32,111.85,-1.54,0.5673,0.5315,0.5315,0.2825,0.2753,0.1432,0.5259,35,15,114.31,115.91,32,9,112.31,117.47
Denver Nuggets,2025,69,42,27,0.609,119.36,115.83,3.54,119.68,116.07,3.61,0.6125,0.5723,0.5723,0.3012,0.2805,0.131,0.5396,32,18,117.56,115.69,37,24,120.92,115.95
Detroit Pistons,2025,66,47,19,0.712,116.65,109.7,6.95,116.26,108.59,7.68,0.5825,0.5468,0.5468,0.3064,0.3416,0.1543,0.5165,33,25,117.15,107.03,33,22,116.15,112.36
Golden State Warriors,2025,68,35,33,0.515,115.07,113.9,1.18,114.05,111.74,2.31,0.5906,0.5553,0.5553,0.2485,0.2953,0.1586,0.5395,35,21,117.49,114.46,33,14,112.52,113.3
Houston Rockets,2025,66,43,23,0.652,115.53,109.98,5.55,117.81,112.38,5.42,0.5742,0.5394,0.5394,0.2778,0.397,0.1548,0.5336,31,23,114.61,107.81,35,20,116.34,111.91
Indiana Pacers,2025,67,17,50,0.254,111.67,120.04,-8.37,108.74,116.2,-7.46,0.5586,0.521,0.521,0.2689,0.2714,0.144,0.5492,34,11,113.94,118.53,33,6,109.33,121.61
Los Angeles Clippers,2025,67,34,33,0.507,112.6,111.37,1.22,115.75,115.19,0.55,0.6029,0.5595,0.5595,0.2988,0.2862,0.1566,0.5415,31,17,114.16,109.94,36,17,111.25,112.61
Los Angeles Lakers,2025,69,39,30,0.565,114.93,115.16,-0.23,115.34,116.46,-1.12,0.6013,0.5625,0.5625,0.3298,0.2921,0.153,0.5654,35,20,116.37,115.86,34,19,113.44,114.44
Memphis Grizzlies,2025,67,24,43,0.358,115.81,118.6,-2.79,113.14,115.94,-2.79,0.5698,0.5315,0.5315,0.2696,0.3176,0.1513,0.5483,34,12,116.53,118.29,33,12,115.06,118.91
Miami Heat,2025,70,35,35,0.5,119.33,116.93,2.4,112.35,112.08,0.27,0.567,0.5286,0.5286,0.2704,0.2888,0.1387,0.5335,35,20,120.71,116.77,35,15,117.94,117.09
Milwaukee Bucks,2025,66,30,36,0.455,111.59,115.21,-3.62,112.71,115.85,-3.15,0.5932,0.5684,0.5684,0.243,0.2477,0.1464,0.5453,33,16,114.18,116.97,33,14,109.0,113.45
Minnesota Timberwolves,2025,70,42,28,0.6,118.71,114.31,4.4,116.65,112.22,4.44,0.5962,0.5629,0.5629,0.2926,0.3069,0.1442,0.5314,36,23,115.83,110.44,34,19,121.76,118.41
New Orleans Pelicans,2025,69,22,47,0.319,115.54,119.77,-4.23,112.59,117.81,-5.22,0.5643,0.5239,0.5239,0.2785,0.3118,0.1395,0.5589,35,13,117.63,119.37,34,9,113.38,120.18
New York Knicks,2025,70,46,24,0.657,116.5,110.06,6.44,117.39,112.49,4.9,0.5806,0.5471,0.5471,0.247,0.3269,0.1402,0.5394,37,27,117.05,108.81,33,19,115.88,111.45
Oklahoma City Thunder,2025,71,54,17,0.761,117.86,107.72,10.14,116.56,105.69,10.86,0.6,0.5604,0.5604,0.2692,0.2486,0.1256,0.516,35,28,117.63,106.37,36,26,118.08,109.03
Orlando Magic,2025,66,38,28,0.576,115.55,113.82,1.73,114.3,114.0,0.29,0.5747,0.5295,0.5295,0.3144,0.3199,0.1419,0.5476,34,22,115.76,113.41,32,16,115.31,114.25
Philadelphia 76ers,2025,67,35,32,0.522,115.04,115.87,-0.82,114.37,113.57,0.8,0.5724,0.5286,0.5286,0.2841,0.3122,0.1386,0.541,36,18,114.25,117.06,31,17,115.97,114.48
Phoenix Suns,2025,67,39,28,0.582,112.22,110.87,1.36,114.37,111.63,2.74,0.575,0.5426,0.5426,0.2363,0.3287,0.1514,0.5385,36,22,111.22,108.19,31,17,113.39,113.97
Portland Trail Blazers,2025,68,31,37,0.456,115.49,118.53,-3.04,112.94,115.41,-2.47,0.5666,0.527,0.527,0.294,0.3529,0.1672,0.5467,33,17,117.94,118.79,35,14,113.17,118.29
Sacramento Kings,2025,68,15,53,0.221,110.54,121.21,-10.66,110.18,119.57,-9.4,0.5632,0.5265,0.5265,0.2691,0.2885,0.146,0.5638,33,9,111.12,119.39,35,6,110.0,122.91
San Antonio Spurs,2025,69,51,18,0.739,118.57,111.26,7.3,116.69,110.45,6.24,0.59,0.5515,0.5515,0.2973,0.3036,0.1396,0.5294,32,26,120.09,110.62,37,25,117.24,111.81
Toronto Raptors,2025,68,39,29,0.574,113.6,112.07,1.53,113.28,111.82,1.47,0.5702,0.535,0.535,0.2557,0.3038,0.1396,0.5371,35,18,112.6,112.4,33,21,114.67,111.73
Utah Jazz,2025,68,20,48,0.294,117.69,125.29,-7.6,114.02,122.12,-8.09,0.5837,0.5425,0.5425,0.2934,0.2978,0.1509,0.577,34,12,120.85,127.24,34,8,114.53,123.35
Washington Wizards,2025,65,17,48,0.262,112.11,122.51,-10.4,109.49,119.33,-9.84,0.5619,0.5278,0.5278,0.2503,0.2963,0.153,0.5497,34,11,114.06,122.76,31,6,109.97,122.23